都道府県コード又は市区町村コード,NO,都道府県名,市区町村名,名称,名称_カナ,住所,方書,緯度,経度,設置位置,電話番号,内線番号,法人番号,団体名,利用可能曜日,開始時間,終了時間,利用可能日時特記事項,小児対応設備の有無,URL,備考
222038,0000000001,静岡県,沼津市,キラメッセぬまづ,キラメッセヌマヅ,静岡県沼津市大手町1丁目1-4,,35.104159,138.862316,1階管理事務所,055-920-4100,,8000020222038,沼津市,月火水木金土日,09:00,22:00,休館日あり,,https://city.numazu.shizuoka.jp/kurashi/anshin/aed/setti.htm,
222038,0000000002,静岡県,沼津市,キラメッセぬまづ,キラメッセヌマヅ,静岡県沼津市大手町1丁目1-4,,35.104159,138.862316,1階ロッカーコーナー入口横,055-920-4100,,8000020222038,沼津市,月火水木金土日,09:00,22:00,休館日あり,,https://city.numazu.shizuoka.jp/kurashi/anshin/aed/setti.htm,
222038,0000000003,静岡県,沼津市,保健センター・青少年教育センター,ホケンセンター・セイショウネンキョウイクセンター,静岡県沼津市八幡町97,,35.097279,138.855766,1階ロビー北側壁面,055-951-3480,,8000020222038,沼津市,月火水木金,08:30,22:00,祝日、休日、年末年始を除く,,https://city.numazu.shizuoka.jp/kurashi/anshin/aed/setti.htm,
222038,0000000004,静岡県,沼津市,保健センター・青少年教育センター,ホケンセンター・セイショウネンキョウイクセンター,静岡県沼津市八幡町97,,35.097231,138.85575,2階ロビー展示ケース横,055-951-3480,,8000020222038,沼津市,月火水木金,08:30,22:00,"祝日、休日、年末年始を除く
貸出による非設置期間あり",,https://city.numazu.shizuoka.jp/kurashi/anshin/aed/setti.htm,
222038,0000000005,静岡県,沼津市,第一地区センター,ダイイチチクセンター,静岡県沼津市八幡町65-1,,35.098486,138.853518,ロビー左側の壁,055-963-5088,,8000020222038,沼津市,火水木金土日,09:00,21:00,休館日：月曜日、国民の祝日に関する法律に規定する休日の翌日、年末年始,,https://city.numazu.shizuoka.jp/kurashi/anshin/aed/setti.htm,
222038,0000000006,静岡県,沼津市,第一小学校,ダイイチショウガッコウ,静岡県沼津市八幡町65-1,,35.098508,138.853862,職員室前の廊下の壁,055-962-0351,,8000020222038,沼津市,月火水木金,08:00,16:30,祝日、休日、年末年始、長期休業等による学校閉庁日を除く,,https://city.numazu.shizuoka.jp/kurashi/anshin/aed/setti.htm,
222038,0000000007,静岡県,沼津市,第一中学校,ダイイチチュウガッコウ,静岡県沼津市丸子町692-1,,35.1033544,138.8491591,校長室前の廊下の壁,055-962-1551,,8000020222038,沼津市,月火水木金,08:00,16:30,祝日、休日、年末年始、長期休業等による学校閉庁日を除く,,https://city.numazu.shizuoka.jp/kurashi/anshin/aed/setti.htm,
222038,0000000008,静岡県,沼津市,第二地区センター,ダイニチクセンター,静岡県沼津市本字千本1910-219,,35.093028,138.8504552,玄関ホールテレビ下,055-954-1022,,8000020222038,沼津市,火水木金土日,09:00,21:00,休館日：月曜日、国民の祝日に関する法律に規定する休日の翌日、年末年始,,https://city.numazu.shizuoka.jp/kurashi/anshin/aed/setti.htm,
222038,0000000009,静岡県,沼津市,千本プラザ,センボンプラザ,静岡県沼津市本字千本1910-206,,35.092802,138.850155,事務室,055-962-3313,,8000020222038,沼津市,月火水木金土日,09:00,21:00,休館日：毎月第１月曜日（但し祝日の場合は第２月曜日）、年末年始,,https://city.numazu.shizuoka.jp/kurashi/anshin/aed/setti.htm,
222038,0000000010,静岡県,沼津市,千本浜海水浴場,センボンハマカイスイヨクジョウ,静岡県沼津市本字千本1910-24地先,,35.091492,138.8481,仮設監視所内,055-934-4746,,8000020222038,沼津市,月火水木金土日,08:30,17:00,夏期のみ,,https://city.numazu.shizuoka.jp/kurashi/anshin/aed/setti.htm,設置は期間限定
222038,0000000011,静岡県,沼津市,ときわ保育所,トキワホイクショ,静岡県沼津市本字千本1906-4,,35.0852957,138.8524617,玄関左側下駄箱上,055-963-4694,,8000020222038,沼津市,月火水木金土,07:00,18:15,祝日、年末年始を除く,,https://city.numazu.shizuoka.jp/kurashi/anshin/aed/setti.htm,
222038,0000000012,静岡県,沼津市,若山牧水記念館,ワカヤマボクスイキネンカン,静岡県沼津市千本郷林1907-11,,35.0870683,138.8494175,正面入口左側,055-962-0424,,8000020222038,沼津市,火水木金土日,09:00,16:30,休館日：月曜日（祝日にあたる場合はその翌日）、年末年始,,https://city.numazu.shizuoka.jp/kurashi/anshin/aed/setti.htm,
222038,0000000013,静岡県,沼津市,庄司美術館,ショウジビジュツカン,静岡県沼津市本字下一丁田900-1,,35.0951288,138.849198,1階受付後ろ,055-952-8711,,8000020222038,沼津市,火水木金土日,09:00,16:30,休館日：毎週月曜日、祝日の翌日、年末年始,,https://city.numazu.shizuoka.jp/kurashi/anshin/aed/setti.htm,
222038,0000000014,静岡県,沼津市,第二小学校,ダイニショウガッコウ,静岡県沼津市常盤町2-32,,35.089716,138.854436,校長室前の廊下の壁,055-962-0352,,8000020222038,沼津市,月火水木金,08:00,16:30,祝日、休日、年末年始、長期休業等による学校閉庁日を除く,,https://city.numazu.shizuoka.jp/kurashi/anshin/aed/setti.htm,
222038,0000000015,静岡県,沼津市,千本小学校,センボンショウガッコウ,静岡県沼津市本字千本1910-19,,35.096638,138.847602,職員室前の廊下側の壁,055-962-0356,,8000020222038,沼津市,月火水木金,08:00,16:30,祝日、休日、年末年始、長期休業等による学校閉庁日を除く,,https://city.numazu.shizuoka.jp/kurashi/anshin/aed/setti.htm,
222038,0000000016,静岡県,沼津市,第二中学校,ダイニチュウガッコウ,静岡県沼津市本字千本1910-19,,35.097384,138.846314,職員室前の廊下の柱,055-962-1552,,8000020222038,沼津市,月火水木金,08:00,16:30,祝日、休日、年末年始、長期休業等による学校閉庁日を除く,,https://city.numazu.shizuoka.jp/kurashi/anshin/aed/setti.htm,
222038,0000000018,静岡県,沼津市,第三地区センター,ダイサンチクセンター,静岡県沼津市下香貫楊原750-4,,35.0840278,138.879446,事務所受付カウンター,055-934-8003,,8000020222038,沼津市,火水木金土日,09:00,21:00,休館日：月曜日、国民の祝日に関する法律に規定する休日の翌日、年末年始,,https://city.numazu.shizuoka.jp/kurashi/anshin/aed/setti.htm,
222038,0000000019,静岡県,沼津市,御用邸記念公園,ゴヨウテイキネンコウエン,静岡県沼津市下香貫島郷2802-1,,35.072859,138.871519,管理事務所,055-931-0005,,8000020222038,沼津市,月火水木金土日,09:00,16:00,年末年始を除く,,https://city.numazu.shizuoka.jp/kurashi/anshin/aed/setti.htm,
222038,0000000020,静岡県,沼津市,歴史民俗資料館,レキシミンゾクシリョウカン,静岡県沼津市下香貫島郷2802-1,,35.071463,138.873107,正面入口左側,055-932-6266,,8000020222038,沼津市,火水木金土日,09:00,16:00,休館日：月曜日（祝日は開館）、毎月最終の平日、祝日の翌日（土日を除く）、年末年始,,https://city.numazu.shizuoka.jp/kurashi/anshin/aed/setti.htm,
222038,0000000021,静岡県,沼津市,島郷海水浴場,トウゴウカイスイヨクジョウ,静岡県沼津市下香貫島郷2802-1地先,,35.065845,138.876494,仮設監視所内,055-934-4746,,8000020222038,沼津市,月火水木金土日,08:30,17:00,夏期のみ,,https://city.numazu.shizuoka.jp/kurashi/anshin/aed/setti.htm,設置は期間限定
222038,0000000022,静岡県,沼津市,芹沢光治良記念館,セリザワコウジロウキネンカン,静岡県沼津市我入道蔓陀ヶ原517-1,,35.0862147,138.8612601,事務室,055-932-0255,,8000020222038,沼津市,火水木金土日,09:00,16:30,休館日：月曜日（祝日にあたる場合はその翌日）、祝日の翌日（土日祝を除く）、年末年始,,https://city.numazu.shizuoka.jp/kurashi/anshin/aed/setti.htm,
222038,0000000023,静岡県,沼津市,第三小学校,ダイサンショウガッコウ,静岡県沼津市下香貫下障子3157-2,,35.080068,138.868783,職員室東廊下の壁,055-931-0353,,8000020222038,沼津市,月火水木金,08:00,16:30,祝日、休日、年末年始、長期休業等による学校閉庁日を除く,,https://city.numazu.shizuoka.jp/kurashi/anshin/aed/setti.htm,
222038,0000000024,静岡県,沼津市,香貫小学校,カヌキショウガッコウ,静岡県沼津市下香貫猪沼986,,35.082061,138.884126,職員玄関,055-931-1234,,8000020222038,沼津市,月火水木金,08:00,16:30,祝日、休日、年末年始、長期休業等による学校閉庁日を除く,,https://city.numazu.shizuoka.jp/kurashi/anshin/aed/setti.htm,
222038,0000000025,静岡県,沼津市,第三中学校,ダイサンチュウガッコウ,静岡県沼津市下香貫木ノ宮888,,35.083751,138.880687,職員室前の廊下の柱,055-931-1553,,8000020222038,沼津市,月火水木金,08:00,16:30,祝日、休日、年末年始、長期休業等による学校閉庁日を除く,,https://city.numazu.shizuoka.jp/kurashi/anshin/aed/setti.htm,
222038,0000000026,静岡県,沼津市,第三中学校,ダイサンチュウガッコウ,静岡県沼津市下香貫木ノ宮888,,35.083567,138.88095,2階特別棟への通路,055-931-1553,,8000020222038,沼津市,月火水木金,08:00,16:30,祝日、休日、年末年始、長期休業等による学校閉庁日を除く,,https://city.numazu.shizuoka.jp/kurashi/anshin/aed/setti.htm,
222038,0000000027,静岡県,沼津市,第三中学校,ダイサンチュウガッコウ,静岡県沼津市下香貫木ノ宮888,,35.084046,138.88132,体育館アリーナ入口,055-931-1553,,8000020222038,沼津市,月火水木金,08:00,16:30,祝日、休日、年末年始、長期休業等による学校閉庁日を除く,,https://city.numazu.shizuoka.jp/kurashi/anshin/aed/setti.htm,
222038,0000000028,静岡県,沼津市,沼津市役所,ヌマヅシヤクショ,静岡県沼津市御幸町16-1,,35.095691,138.863381,1階正面玄関横,055-931-2500,,8000020222038,沼津市,月火水木金,08:30,17:15,祝日、休日、年末年始を除く,,https://city.numazu.shizuoka.jp/kurashi/anshin/aed/setti.htm,
222038,0000000029,静岡県,沼津市,沼津市役所,ヌマヅシヤクショ,静岡県沼津市御幸町16-1,,35.095607,138.863714,3階医務室内,055-931-2500,,8000020222038,沼津市,月火水木金,08:30,17:15,祝日、休日、年末年始を除く,,https://city.numazu.shizuoka.jp/kurashi/anshin/aed/setti.htm,
222038,0000000030,静岡県,沼津市,水道部庁舎,スイドウブチョウシャ,静岡県沼津市御幸町2-20,,35.096402,138.863022,1階自動ドア前,055-934-4851,,8000020222038,沼津市,月火水木金,08:30,17:15,祝日、休日、年末年始を除く,,https://city.numazu.shizuoka.jp/kurashi/anshin/aed/setti.htm,
222038,0000000031,静岡県,沼津市,市民文化センター,シミンブンカセンター,静岡県沼津市御幸町15-1,,35.095146,138.865731,正面入口左側,055-932-6111,,8000020222038,沼津市,月火水木金土日,09:00,21:30,休館日：偶数月と５月は第３月曜日、５月を除く奇数月は第２・第３月曜日（月曜日が祝日の場合は翌日）、年末年始,,https://city.numazu.shizuoka.jp/kurashi/anshin/aed/setti.htm,
222038,0000000032,静岡県,沼津市,勤労者体育センター,キンロウシャタイイクセンター,静岡県沼津市御幸町15-1,,35.095502,138.866916,事務室,055-933-0330,,8000020222038,沼津市,月火水木金土日,09:00,21:00,年末年始を除く、その他休所日あり,,https://city.numazu.shizuoka.jp/kurashi/anshin/aed/setti.htm,
222038,0000000033,静岡県,沼津市,第四地区センター,ダイヨンチクセンター,静岡県沼津市吉田町20-1,,35.091134,138.862313,事務所入口左側,055-933-4411,,8000020222038,沼津市,火水木金土日,09:00,21:00,休館日：月曜日、国民の祝日に関する法律に規定する休日の翌日、年末年始,,https://city.numazu.shizuoka.jp/kurashi/anshin/aed/setti.htm,
222038,0000000034,静岡県,沼津市,南消防署,ミナミショウボウショ,静岡県沼津市吉田町20-1,,35.091187,138.862469,1階事務所西側受付,055-934-0119,,8000020222038,沼津市,月火水木金土日,00:00,00:00,,,https://city.numazu.shizuoka.jp/kurashi/anshin/aed/setti.htm,
222038,0000000036,静岡県,沼津市,清掃プラント,セイソウプラント,静岡県沼津市上香貫字三ノ洞2417-1,,35.092139,138.884538,1階玄関ホール北側壁面,055-933-0711,,8000020222038,沼津市,月火水木金,08:30,17:15,祝日、休日、年末年始を除く,,https://city.numazu.shizuoka.jp/kurashi/anshin/aed/setti.htm,
222038,0000000037,静岡県,沼津市,斎場,サイジョウ,静岡県沼津市中瀬町14-1,,35.096919,138.87905,2階売店横,055-931-0444,,8000020222038,沼津市,月火水木金土日,09:00,17:15,休日：友引の日、１月１日、１月２日,,https://city.numazu.shizuoka.jp/kurashi/anshin/aed/setti.htm,
222038,0000000038,静岡県,沼津市,第四小学校,ダイヨンショウガッコウ,静岡県沼津市御幸町4-1,,35.096906,138.864776,職員室前の廊下の柱,055-931-0354,,8000020222038,沼津市,月火水木金,08:00,16:30,祝日、休日、年末年始、長期休業等による学校閉庁日を除く,,https://city.numazu.shizuoka.jp/kurashi/anshin/aed/setti.htm,
222038,0000000039,静岡県,沼津市,第四中学校,ダイヨンチュウガッコウ,静岡県沼津市本郷町24-1,,35.092534,138.871782,職員室前の廊下の壁,055-931-1554,,8000020222038,沼津市,月火水木金,08:00,16:30,祝日、休日、年末年始、長期休業等による学校閉庁日を除く,,https://city.numazu.shizuoka.jp/kurashi/anshin/aed/setti.htm,
222038,0000000040,静岡県,沼津市,市民体育館,シミンタイイクカン,静岡県沼津市高島本町1-4,,35.108271,138.856586,事務室,055-922-7200,,8000020222038,沼津市,月火水木金土日,09:00,21:00,年末年始を除く、その他休館日あり,,https://city.numazu.shizuoka.jp/kurashi/anshin/aed/setti.htm,
222038,0000000041,静岡県,沼津市,サンウェルぬまづ,サンウェルヌマヅ,静岡県沼津市日の出町1-15,,35.109974,138.866497,2階健康増進ルーム前,055-922-1500,,8000020222038,沼津市,月火水木金土日,09:00,21:30,休館日：毎月第３月曜日、年末年始,,https://city.numazu.shizuoka.jp/kurashi/anshin/aed/setti.htm,
222038,0000000042,静岡県,沼津市,夜間救急医療センター,ヤカンキュウキュウイリョウセンター,静岡県沼津市日の出町1-15,,35.109864,138.866546,待合ロビー,055-926-8699,,8000020222038,沼津市,月火水木金土日,20:30,07:00,平日：20時30分-翌7時　土曜日・日曜日・祝日：18時-翌7時,,https://city.numazu.shizuoka.jp/kurashi/anshin/aed/setti.htm,
222038,0000000043,静岡県,沼津市,消防指令センター,ショウボウシレイセンター,静岡県沼津市北高島町21-38,,35.1134789,138.858533,2階事務所北東角,055-927-0119,,8000020222038,沼津市,月火水木金土日,00:00,00:00,,,https://city.numazu.shizuoka.jp/kurashi/anshin/aed/setti.htm,
222038,0000000044,静岡県,沼津市,市営野球場,シエイヤキュウジョウ,静岡県沼津市泉町2-1,,35.112067,138.863052,審判控室入口,055-922-7200,,8000020222038,沼津市,月火水木金土日,08:30,17:00,年末年始を除く、その他休所日あり,,https://city.numazu.shizuoka.jp/kurashi/anshin/aed/setti.htm,
222038,0000000045,静岡県,沼津市,市立図書館,シリツトショカン,静岡県沼津市三枚橋町9-1,,35.100442,138.863335,1階カウンター後ろ,055-952-1234,,8000020222038,沼津市,火水木金土日,09:30,18:30,"開館時間：火曜日・水曜日・木曜日・金曜日：9時30分-18時30分　土曜日・日曜日・祝日：9時30分-17時
休館日：月曜日（祝日・振替休日を除く）、年末年始、４月１日、館内整理日、特別整理期間",,https://city.numazu.shizuoka.jp/kurashi/anshin/aed/setti.htm,
222038,0000000046,静岡県,沼津市,金岡保育所,カナオカホイクショ,静岡県沼津市沼北町1-5-15,,35.113537,138.854145,玄関右側壁,055-923-0383,,8000020222038,沼津市,月火水木金土,07:00,19:00,祝日、年末年始を除く,,https://city.numazu.shizuoka.jp/kurashi/anshin/aed/setti.htm,
222038,0000000047,静岡県,沼津市,北部保育所,ホクブホイクショ,静岡県沼津市高沢町13-28,,35.10749,138.855669,玄関下駄箱上,055-921-7537,,8000020222038,沼津市,月火水木金土,07:00,19:00,祝日、年末年始を除く,,https://city.numazu.shizuoka.jp/kurashi/anshin/aed/setti.htm,
222038,0000000048,静岡県,沼津市,開北小学校,カイホクショウガッコウ,静岡県沼津市高沢町17-1,,35.107446,138.854542,事務室前の廊下の柱,055-921-4041,,8000020222038,沼津市,月火水木金,08:00,16:30,祝日、休日、年末年始、長期休業等による学校閉庁日を除く,,https://city.numazu.shizuoka.jp/kurashi/anshin/aed/setti.htm,
222038,0000000049,静岡県,沼津市,開北小学校,カイホクショウガッコウ,静岡県沼津市高沢町17-1,,35.107841,138.854977,体育館アリーナ入口,055-921-4041,,8000020222038,沼津市,月火水木金,08:00,16:30,祝日、休日、年末年始、長期休業等による学校閉庁日を除く,,https://city.numazu.shizuoka.jp/kurashi/anshin/aed/setti.htm,
222038,0000000050,静岡県,沼津市,第五小学校,ダイゴショウガッコウ,静岡県沼津市米山町9-1,,35.107385,138.863798,職員玄関正面の壁,055-921-0355,,8000020222038,沼津市,月火水木金,08:00,16:30,祝日、休日、年末年始、長期休業等による学校閉庁日を除く,,https://city.numazu.shizuoka.jp/kurashi/anshin/aed/setti.htm,
222038,0000000051,静岡県,沼津市,第五小学校,ダイゴショウガッコウ,静岡県沼津市米山町9-1,,35.108047,138.863444,体育館内の壁,055-921-0355,,8000020222038,沼津市,月火水木金,08:00,16:30,祝日、休日、年末年始、長期休業等による学校閉庁日を除く,,https://city.numazu.shizuoka.jp/kurashi/anshin/aed/setti.htm,
222038,0000000052,静岡県,沼津市,第五中学校,ダイゴチュウガッコウ,静岡県沼津市五月町15-1,,35.11395,138.863959,事務室前の廊下の壁,055-921-1555,,8000020222038,沼津市,月火水木金,08:00,16:30,祝日、休日、年末年始、長期休業等による学校閉庁日を除く,,https://city.numazu.shizuoka.jp/kurashi/anshin/aed/setti.htm,
222038,0000000053,静岡県,沼津市,第五地区センター,ダイゴチクセンター,静岡県沼津市五月町15-1,,35.114345,138.864518,事務所,055-925-8686,,8000020222038,沼津市,火水木金土日,09:00,21:00,休館日：月曜日、国民の祝日に関する法律に規定する休日の翌日、年末年始,,https://city.numazu.shizuoka.jp/kurashi/anshin/aed/setti.htm,
222038,0000000054,静岡県,沼津市,市立沼津高等学校・中等部,シリツヌマヅコウトウガッコウ・チュウトウブ,静岡県沼津市三枚橋字鐘突免673,,35.112032,138.867383,体育館入口,055-921-0805,,8000020222038,沼津市,月火水木金,08:00,18:00,祝日、休日、年末年始、長期休業等による学校閉庁日を除く,,https://city.numazu.shizuoka.jp/kurashi/anshin/aed/setti.htm,
222038,0000000055,静岡県,沼津市,市立沼津高等学校・中等部,シリツヌマヅコウトウガッコウ・チュウトウブ,静岡県沼津市三枚橋字鐘突免673,,35.112151,138.866921,職員室前の廊下の壁,055-921-0805,,8000020222038,沼津市,月火水木金,08:00,18:00,祝日、休日、年末年始、長期休業等による学校閉庁日を除く,,https://city.numazu.shizuoka.jp/kurashi/anshin/aed/setti.htm,
222038,0000000056,静岡県,沼津市,市立沼津高等学校・中等部,シリツヌマヅコウトウガッコウ・チュウトウブ,静岡県沼津市三枚橋字鐘突免673,,35.11251,138.867243,保健室前校舎出入口の壁,055-921-0805,,8000020222038,沼津市,月火水木金土日,00:00,00:00,,,https://city.numazu.shizuoka.jp/kurashi/anshin/aed/setti.htm,屋外から利用可能
222038,0000000057,静岡県,沼津市,大岡地区センター,オオオカチクセンター,静岡県沼津市大岡2357-1,,35.113379,138.880474,1階ロビー（階段左側）,055-924-0299,,8000020222038,沼津市,火水木金土日,09:00,21:00,休館日：月曜日、国民の祝日に関する法律に規定する休日の翌日、年末年始,,https://city.numazu.shizuoka.jp/kurashi/anshin/aed/setti.htm,
222038,0000000058,静岡県,沼津市,大岡保育所,オオオカホイクショ,静岡県沼津市大岡1901-1,,35.113314,138.8670113,玄関左側,055-924-0170,,8000020222038,沼津市,月火水木金土,07:00,19:00,祝日、年末年始を除く,,https://city.numazu.shizuoka.jp/kurashi/anshin/aed/setti.htm,
222038,0000000059,静岡県,沼津市,大岡南小学校,オオオカミナミショウガッコウ,静岡県沼津市大岡字原田1312,,35.102742,138.876597,職員玄関正面,055-962-0355,,8000020222038,沼津市,月火水木金,08:00,16:30,祝日、休日、年末年始、長期休業等による学校閉庁日を除く,,https://city.numazu.shizuoka.jp/kurashi/anshin/aed/setti.htm,
222038,0000000060,静岡県,沼津市,大岡小学校,オオオカショウガッコウ,静岡県沼津市大岡2358,,35.112651,138.879279,職員室前の廊下の左壁,055-921-1885,,8000020222038,沼津市,月火水木金,08:00,16:30,祝日、休日、年末年始、長期休業等による学校閉庁日を除く,,https://city.numazu.shizuoka.jp/kurashi/anshin/aed/setti.htm,
222038,0000000061,静岡県,沼津市,大岡中学校,オオオカチュウガッコウ,静岡県沼津市大岡2110,,35.114713,138.874644,職員室前の廊下の壁,055-921-1557,,8000020222038,沼津市,月火水木金,08:00,16:30,祝日、休日、年末年始、長期休業等による学校閉庁日を除く,,https://city.numazu.shizuoka.jp/kurashi/anshin/aed/setti.htm,
222038,0000000062,静岡県,沼津市,金岡地区センター,カナオカチクセンター,静岡県沼津市江原町3-1,,35.119505,138.86127,事務所入口右側,055-924-5070,,8000020222038,沼津市,火水木金土日,09:00,21:00,休館日：月曜日、国民の祝日に関する法律に規定する休日の翌日、年末年始,,https://city.numazu.shizuoka.jp/kurashi/anshin/aed/setti.htm,
222038,0000000063,静岡県,沼津市,北消防署,キタショウボウショ,静岡県沼津市寿町2-10,,35.115902,138.860685,1階出動準備室西側,055-923-0119,,8000020222038,沼津市,月火水木金土日,00:00,00:00,,,https://city.numazu.shizuoka.jp/kurashi/anshin/aed/setti.htm,
222038,0000000064,静岡県,沼津市,明治史料館,メイジシリョウカン,静岡県沼津市西熊堂372-1,,35.121787,138.858368,正面入口カウンター横,055-923-3335,,8000020222038,沼津市,火水木金土日,09:00,16:30,休館日：月曜日（祝日を除く）、毎月最終の平日、祝日の翌日（土日を除く）、年末年始,,https://city.numazu.shizuoka.jp/kurashi/anshin/aed/setti.htm,
222038,0000000065,静岡県,沼津市,愛鷹運動公園テニスコート,アシタカウンドウコウエンテニスコート,静岡県沼津市足高201-1,,35.154574,138.850095,管理棟,055-920-8688,,8000020222038,沼津市,月火水木金土日,08:00,21:30,休園日：１月１日,,https://city.numazu.shizuoka.jp/kurashi/anshin/aed/setti.htm,
222038,0000000066,静岡県,沼津市,高尾園,タカオエン,静岡県沼津市足高156-1,,35.1409168,138.8502074,事務室入口の壁,055-921-5722,,8000020222038,沼津市,月火水木金土日,00:00,00:00,,,https://city.numazu.shizuoka.jp/kurashi/anshin/aed/setti.htm,
222038,0000000067,静岡県,沼津市,金岡小学校,カナオカショウガッコウ,静岡県沼津市江原町3-1,,35.119329,138.860652,玄関入って左側の壁,055-921-1371,,8000020222038,沼津市,月火水木金,08:00,16:30,祝日、休日、年末年始、長期休業等による学校閉庁日を除く,,https://city.numazu.shizuoka.jp/kurashi/anshin/aed/setti.htm,
222038,0000000068,静岡県,沼津市,沢田小学校,サワダショウガッコウ,静岡県沼津市中沢田字円丸715,,35.128767,138.852677,玄関ガラスショーケース横の壁,055-924-0161,,8000020222038,沼津市,月火水木金,08:00,16:30,祝日、休日、年末年始、長期休業等による学校閉庁日を除く,,https://city.numazu.shizuoka.jp/kurashi/anshin/aed/setti.htm,
222038,0000000069,静岡県,沼津市,金岡中学校,カナオカチュウガッコウ,静岡県沼津市神田町4-1,,35.115845,138.866475,保健室前の廊下の壁,055-921-1558,,8000020222038,沼津市,月火水木金,08:00,16:30,祝日、休日、年末年始、長期休業等による学校閉庁日を除く,,https://city.numazu.shizuoka.jp/kurashi/anshin/aed/setti.htm,
222038,0000000070,静岡県,沼津市,金岡中学校,カナオカチュウガッコウ,静岡県沼津市神田町4-1,,35.11635,138.866131,体育館内入口の壁,055-921-1558,,8000020222038,沼津市,月火水木金,08:00,16:30,祝日、休日、年末年始、長期休業等による学校閉庁日を除く,,https://city.numazu.shizuoka.jp/kurashi/anshin/aed/setti.htm,
222038,0000000071,静岡県,沼津市,門池地区センター,カドイケチクセンター,静岡県沼津市岡一色788-7,,35.1305143,138.8779289,正面入口右側,055-929-0770,,8000020222038,沼津市,火水木金土日,09:00,21:00,休館日：月曜日、国民の祝日に関する法律に規定する休日の翌日、年末年始,,https://city.numazu.shizuoka.jp/kurashi/anshin/aed/setti.htm,
222038,0000000072,静岡県,沼津市,門池小学校,カドイケショウガッコウ,静岡県沼津市岡一色88-2,,35.125481,138.882095,職員室前の廊下の壁,055-922-1481,,8000020222038,沼津市,月火水木金,08:00,16:30,祝日、休日、年末年始、長期休業等による学校閉庁日を除く,,https://city.numazu.shizuoka.jp/kurashi/anshin/aed/setti.htm,
222038,0000000073,静岡県,沼津市,門池中学校,カドイケチュウガッコウ,静岡県沼津市岡一色657-1,,35.132224,138.877745,校長室前の廊下の壁,055-923-3900,,8000020222038,沼津市,月火水木金,08:00,16:30,祝日、休日、年末年始、長期休業等による学校閉庁日を除く,,https://city.numazu.shizuoka.jp/kurashi/anshin/aed/setti.htm,
222038,0000000074,静岡県,沼津市,門池中学校,カドイケチュウガッコウ,静岡県沼津市岡一色657-1,,35.132224,138.877745,体育館,055-923-3900,,8000020222038,沼津市,月火水木金,08:00,16:30,祝日、休日、年末年始、長期休業等による学校閉庁日を除く,,https://city.numazu.shizuoka.jp/kurashi/anshin/aed/setti.htm,
222038,0000000075,静岡県,沼津市,門池中学校,カドイケチュウガッコウ,静岡県沼津市岡一色657-1,,35.132224,138.877745,1号棟校舎と2号棟校舎の間の階段,055-923-3900,,8000020222038,沼津市,月火水木金,08:00,16:30,祝日、休日、年末年始、長期休業等による学校閉庁日を除く,,https://city.numazu.shizuoka.jp/kurashi/anshin/aed/setti.htm,
222038,0000000076,静岡県,沼津市,片浜地区センター,カタハマチクセンター,静岡県沼津市大諏訪46-1,,35.110838,138.827275,正面入口右側,055-964-0926,,8000020222038,沼津市,火水木金土日,09:00,21:00,休館日：月曜日、国民の祝日に関する法律に規定する休日の翌日、年末年始,,https://city.numazu.shizuoka.jp/kurashi/anshin/aed/setti.htm,
222038,0000000077,静岡県,沼津市,片浜小学校,カタハマショウガッコウ,静岡県沼津市大諏訪41,,35.111339,138.828964,職員室前の廊下の柱,055-962-0357,,8000020222038,沼津市,月火水木金,08:00,16:30,祝日、休日、年末年始、長期休業等による学校閉庁日を除く,,https://city.numazu.shizuoka.jp/kurashi/anshin/aed/setti.htm,
222038,0000000078,静岡県,沼津市,片浜中学校,カタハマチュウガッコウ,静岡県沼津市小諏訪180,,35.106165,138.839648,職員室前の廊下の壁,055-962-1556,,8000020222038,沼津市,月火水木金,08:00,16:30,祝日、休日、年末年始、長期休業等による学校閉庁日を除く,,https://city.numazu.shizuoka.jp/kurashi/anshin/aed/setti.htm,
222038,0000000079,静岡県,沼津市,看護専門学校,カンゴセンモンガッコウ,静岡県沼津市大諏訪46,,35.111571,138.826597,事務室内受付カウンター,055-951-3500,,8000020222038,沼津市,月火水木金,08:30,17:15,祝日、休日、年末年始、長期休業等による学校閉庁日を除く,,https://city.numazu.shizuoka.jp/kurashi/anshin/aed/setti.htm,
222038,0000000080,静岡県,沼津市,今沢地区センター,イマザワチクセンター,静岡県沼津市今沢527-21,,35.121409,138.815881,2階事務室横,055-969-0610,,8000020222038,沼津市,火水木金土日,09:00,21:00,休館日：月曜日、国民の祝日に関する法律に規定する休日の翌日、年末年始,,https://city.numazu.shizuoka.jp/kurashi/anshin/aed/setti.htm,
222038,0000000081,静岡県,沼津市,今沢小学校,イマザワショウガッコウ,静岡県沼津市東原字榎田通76-1,,35.124941,138.818001,正面玄関左　校長室前廊下の窓側,055-966-5522,,8000020222038,沼津市,月火水木金,08:00,16:30,祝日、休日、年末年始、長期休業等による学校閉庁日を除く,,https://city.numazu.shizuoka.jp/kurashi/anshin/aed/setti.htm,
222038,0000000082,静岡県,沼津市,今沢中学校,イマザワチュウガッコウ,静岡県沼津市東原字下方通289-1,,35.12563,138.816719,グラウンド出入口壁,055-966-9981,,8000020222038,沼津市,月火水木金,08:00,16:30,祝日、休日、年末年始、長期休業等による学校閉庁日を除く,,https://city.numazu.shizuoka.jp/kurashi/anshin/aed/setti.htm,
222038,0000000083,静岡県,沼津市,あしたか学園,アシタカガクエン,静岡県沼津市東原164-1,,35.127139,138.819642,1階スタッフルーム内,055-966-7134,,8000020222038,沼津市,月火水木金土日,00:00,00:00,,,https://city.numazu.shizuoka.jp/kurashi/anshin/aed/setti.htm,
222038,0000000084,静岡県,沼津市,市立病院,シリツビョウイン,静岡県沼津市東椎路字春ノ木550,,35.119777,138.834713,1階ロビー,055-924-5100,,8000020222038,沼津市,月火水木金,07:45,17:20,祝日、年末年始を除く,,https://city.numazu.shizuoka.jp/kurashi/anshin/aed/setti.htm,
222038,0000000085,静岡県,沼津市,市立病院,シリツビョウイン,静岡県沼津市東椎路字春ノ木550,,35.119514,138.834954,2階南側階段前,055-924-5100,,8000020222038,沼津市,月火水木金,07:45,17:20,祝日、年末年始を除く,,https://city.numazu.shizuoka.jp/kurashi/anshin/aed/setti.htm,
222038,0000000086,静岡県,沼津市,児童発達支援センターみゆき,ジドウハッタツシエンセンターミユキ,静岡県沼津市東原161-1,,35.127789,138.819964,玄関正面柱,055-968-0500,,8000020222038,沼津市,月火水木金,07:30,18:00,祝日、年末年始を除く,,https://city.numazu.shizuoka.jp/kurashi/anshin/aed/setti.htm,
222038,0000000087,静岡県,沼津市,愛鷹小学校,アシタカショウガッコウ,静岡県沼津市西椎路673-1,,35.131149,138.829947,放送室前の廊下の壁（北側）,055-966-4244,,8000020222038,沼津市,月火水木金,08:00,16:30,祝日、休日、年末年始、長期休業等による学校閉庁日を除く,,https://city.numazu.shizuoka.jp/kurashi/anshin/aed/setti.htm,
222038,0000000088,静岡県,沼津市,愛鷹中学校,アシタカチュウガッコウ,静岡県沼津市西椎路733,,35.13347,138.828601,職員室前の廊下の壁,055-966-4229,,8000020222038,沼津市,月火水木金,08:00,16:30,祝日、休日、年末年始、長期休業等による学校閉庁日を除く,,https://city.numazu.shizuoka.jp/kurashi/anshin/aed/setti.htm,
222038,0000000089,静岡県,沼津市,愛鷹地区センター,アシタカチクセンター,静岡県沼津市東原358-1,,35.129095,138.822894,正面入口左側（大会議室前）,055-966-5301,,8000020222038,沼津市,火水木金土日,09:00,21:00,休館日：月曜日、国民の祝日に関する法律に規定する休日の翌日、年末年始,,https://city.numazu.shizuoka.jp/kurashi/anshin/aed/setti.htm,
222038,0000000090,静岡県,沼津市,原地区センター,ハラチクセンター,静岡県沼津市原1200-3,,35.129294,138.793836,事務所,055-966-0084,,8000020222038,沼津市,火水木金土日,09:00,21:00,休館日：月曜日、国民の祝日に関する法律に規定する休日の翌日、年末年始,,https://city.numazu.shizuoka.jp/kurashi/anshin/aed/setti.htm,
222038,0000000091,静岡県,沼津市,原デイサービスセンター,ハラデイサービスセンター,静岡県沼津市原1200-3,,35.129351,138.793573,事務室,055-966-0084,,8000020222038,沼津市,月火水木金土,08:00,17:30,年末年始を除く,,https://city.numazu.shizuoka.jp/kurashi/anshin/aed/setti.htm,原地区センターと別に設置あり
222038,0000000092,静岡県,沼津市,北消防署原分署,キタショウボウショハラブンショ,静岡県沼津市原1431-10,,35.1287257,138.8048751,1階出動準備室西側,055-967-0119,,8000020222038,沼津市,月火水木金土日,00:00,00:00,出動中は貸出し不可,,https://city.numazu.shizuoka.jp/kurashi/anshin/aed/setti.htm,
222038,0000000093,静岡県,沼津市,原東小学校,ハラヒガシショウガッコウ,静岡県沼津市大塚814-1,,35.126622,138.810062,職員室前廊下の壁,055-967-1213,,8000020222038,沼津市,月火水木金,08:00,16:30,祝日、休日、年末年始、長期休業等による学校閉庁日を除く,,https://city.numazu.shizuoka.jp/kurashi/anshin/aed/setti.htm,
222038,0000000094,静岡県,沼津市,原東小学校,ハラヒガシショウガッコウ,静岡県沼津市大塚814-1,,35.126753,138809032,体育館内入口の壁,055-967-1213,,8000020222038,沼津市,月火水木金,08:00,16:30,祝日、休日、年末年始、長期休業等による学校閉庁日を除く,,https://city.numazu.shizuoka.jp/kurashi/anshin/aed/setti.htm,
222038,0000000095,静岡県,沼津市,原小学校,ハラショウガッコウ,静岡県沼津市原1200,,35.127833,138.792935,職員室前の廊下の柱,055-966-0034,,8000020222038,沼津市,月火水木金,08:00,16:30,祝日、休日、年末年始、長期休業等による学校閉庁日を除く,,https://city.numazu.shizuoka.jp/kurashi/anshin/aed/setti.htm,
222038,0000000096,静岡県,沼津市,原中学校,ハラチュウガッコウ,静岡県沼津市原576,,35.12606,138.787692,職員室内の壁,055-966-0138,,8000020222038,沼津市,月火水木金,08:00,16:30,祝日、休日、年末年始、長期休業等による学校閉庁日を除く,,https://city.numazu.shizuoka.jp/kurashi/anshin/aed/setti.htm,
222038,0000000097,静岡県,沼津市,浮島地区センター,ウキシマチクセンター,静岡県沼津市平沼375-1,,35.1439907,138.7839336,玄関ホール右側壁,055-968-1322,,8000020222038,沼津市,火水木金土日,09:00,21:00,休館日：月曜日、国民の祝日に関する法律に規定する休日の翌日、年末年始,,https://city.numazu.shizuoka.jp/kurashi/anshin/aed/setti.htm,
222038,0000000098,静岡県,沼津市,浮島小学校,ウキシマショウガッコウ,静岡県沼津市平沼811,,35.147021,138.784296,職員室前の廊下の柱,055-966-2004,,8000020222038,沼津市,月火水木金,08:00,16:30,祝日、休日、年末年始、長期休業等による学校閉庁日を除く,,https://city.numazu.shizuoka.jp/kurashi/anshin/aed/setti.htm,
222038,0000000099,静岡県,沼津市,浮島中学校,ウキシマチュウガッコウ,静岡県沼津市平沼849,,35.148946,138.783711,職員室前の廊下,055-966-2040,,8000020222038,沼津市,月火水木金,08:00,16:30,祝日、休日、年末年始、長期休業等による学校閉庁日を除く,,https://city.numazu.shizuoka.jp/kurashi/anshin/aed/setti.htm,
222038,0000000100,静岡県,沼津市,大平地区センター,オオヒラチクセンター,静岡県沼津市大平2197-2,,35.076506,138.911154,事務所,055-934-3980,,8000020222038,沼津市,火水木金土日,09:00,21:00,休館日：月曜日、国民の祝日に関する法律に規定する休日の翌日、年末年始,,https://city.numazu.shizuoka.jp/kurashi/anshin/aed/setti.htm,
222038,0000000101,静岡県,沼津市,南消防署大平出張所,ミナミショウボウショオオヒラシュッチョウジョ,静岡県沼津市大平1442-1,,35.0729241,138.9038296,1階事務所受付,055-933-0119,,8000020222038,沼津市,月火水木金土日,00:00,00:00,出動中は貸出し不可,,https://city.numazu.shizuoka.jp/kurashi/anshin/aed/setti.htm,
222038,0000000102,静岡県,沼津市,大平保育所,オオヒラホイクショ,静岡県沼津市大平1677,,35.0739865,138.9090009,玄関右側壁,055-931-1218,,8000020222038,沼津市,月火水木金土,07:00,18:00,祝日、年末年始を除く,,https://city.numazu.shizuoka.jp/kurashi/anshin/aed/setti.htm,
222038,0000000103,静岡県,沼津市,大平幼稚園,オオヒラヨウチエン,静岡県沼津市大平2205-1,,35.0761202,138.9091618,玄関前の廊下の壁,055-932-2080,,8000020222038,沼津市,月火水木金,08:30,14:00,祝日、休日、年末年始、長期休業等による閉庁日を除く,,https://city.numazu.shizuoka.jp/kurashi/anshin/aed/setti.htm,
222038,0000000104,静岡県,沼津市,大平小学校,オオヒラショウガッコウ,静岡県沼津市大平2200,,35.076409,138.910473,職員室前の廊下の壁,055-931-5020,,8000020222038,沼津市,月火水木金,08:00,16:30,祝日、休日、年末年始、長期休業等による学校閉庁日を除く,,https://city.numazu.shizuoka.jp/kurashi/anshin/aed/setti.htm,
222038,0000000105,静岡県,沼津市,大平中学校,オオヒラチュウガッコウ,静岡県沼津市大平1144,,35.071163,138.903377,職員室前の廊下の柱,055-931-5021,,8000020222038,沼津市,月火水木金,08:00,16:30,祝日、休日、年末年始、長期休業等による学校閉庁日を除く,,https://city.numazu.shizuoka.jp/kurashi/anshin/aed/setti.htm,
222038,0000000106,静岡県,沼津市,静浦地区センター,シズウラチクセンター,静岡県沼津市獅子浜34,,35.050912,138.886367,中央通路の壁,055-933-2510,,8000020222038,沼津市,火水木金土日,09:00,21:00,休館日：月曜日、国民の祝日に関する法律に規定する休日の翌日、年末年始,,https://city.numazu.shizuoka.jp/kurashi/anshin/aed/setti.htm,
222038,0000000107,静岡県,沼津市,南消防署静浦分署,ミナミショウボウショシズウラブンショ,静岡県沼津市獅子浜14-1,,35.049967,138.88671,1階事務所北側受付,055-932-8119,,8000020222038,沼津市,月火水木金土日,00:00,00:00,出動中は貸出し不可,,https://city.numazu.shizuoka.jp/kurashi/anshin/aed/setti.htm,
222038,0000000108,静岡県,沼津市,静浦小中一貫学校,シズウラショウチュウイッカンガッコウ,静岡県沼津市獅子浜17,,35.050898,138.885541,児童生徒玄関正面,055-931-3017,,8000020222038,沼津市,月火水木金,08:00,16:30,祝日、休日、年末年始、長期休業等による学校閉庁日を除く,,https://city.numazu.shizuoka.jp/kurashi/anshin/aed/setti.htm,
222038,0000000109,静岡県,沼津市,文化財センター,ブンカザイセンター,静岡県沼津市志下530,,35.063883,138.88375,２階事務室前,055-935-5010,,8000020222038,沼津市,月火水木金,08:30,17:15,祝日、休日、年末年始を除く,,https://city.numazu.shizuoka.jp/kurashi/anshin/aed/setti.htm,
222038,0000000110,静岡県,沼津市,内浦地区センター,ウチウラチクセンター,静岡県沼津市内浦三津249-3,,35.024623,138.9008984,市民窓口側通路壁,055-946-1100,,8000020222038,沼津市,火水木金土日,09:00,21:00,休館日：月曜日、国民の祝日に関する法律に規定する休日の翌日、年末年始,,https://city.numazu.shizuoka.jp/kurashi/anshin/aed/setti.htm,
222038,0000000111,静岡県,沼津市,南消防署内浦出張所,ミナミショウボウショウチウラシュッチョウジョ,静岡県沼津市内浦三津88-12,,35.022717,138.8961184,1階事務所南側,055-941-3119,,8000020222038,沼津市,月火水木金土日,00:00,00:00,出動中は貸出し不可,,https://city.numazu.shizuoka.jp/kurashi/anshin/aed/setti.htm,
222038,0000000112,静岡県,沼津市,内浦小学校,ウチウラショウガッコウ,静岡県沼津市内浦三津410-1,,35.024721,138.901252,職員玄関右側の柱,055-943-2134,,8000020222038,沼津市,月火水木金,08:00,16:30,祝日、休日、年末年始、長期休業等による学校閉庁日を除く,,https://city.numazu.shizuoka.jp/kurashi/anshin/aed/setti.htm,令和３年３月閉校予定
222038,0000000113,静岡県,沼津市,長井崎中学校,ナガイサキチュウガッコウ,静岡県沼津市内浦重須字洞畑453,,35.021369,138.883265,事務室入口右側の壁,055-941-3111,,8000020222038,沼津市,月火水木金,08:00,16:30,祝日、休日、年末年始、長期休業等による学校閉庁日を除く,,https://city.numazu.shizuoka.jp/kurashi/anshin/aed/setti.htm,令和３年４月～　長井崎小中一貫学校
222038,0000000114,静岡県,沼津市,西浦地区センター,ニシウラチクセンター,静岡県沼津市西浦立保22-1,,35.016817,138.853456,中央通路の壁,055-942-2700,,8000020222038,沼津市,火水木金土日,09:00,21:00,休館日：月曜日、国民の祝日に関する法律に規定する休日の翌日、年末年始,,https://city.numazu.shizuoka.jp/kurashi/anshin/aed/setti.htm,
222038,0000000115,静岡県,沼津市,南消防署西浦出張所,ミナミショウボウショニシウラシュッチョウジョ,静岡県沼津市西浦立保22-1,,35.016905,138.85345,1階事務所内,055-942-3119,,8000020222038,沼津市,月火水木金土日,00:00,00:00,出動中は貸出し不可,,https://city.numazu.shizuoka.jp/kurashi/anshin/aed/setti.htm,
222038,0000000116,静岡県,沼津市,市民の森,シミンノモリ,静岡県沼津市西浦河内506,,34.985472,138.848321,管理棟,055-942-3103,,8000020222038,沼津市,月火水木金土日,08:30,17:15,休園日：11月~３月。４月~６月・９月~10月の月曜日。宿直駐在時は24時間利用可,,https://city.numazu.shizuoka.jp/kurashi/anshin/aed/setti.htm,
222038,0000000117,静岡県,沼津市,大瀬海水浴場,オセカイスイヨクジョウ,静岡県沼津市西浦江梨325-2地先,,35.0245039,138.7841549,仮設監視所内,055-934-4746,,8000020222038,沼津市,月火水木金土日,09:30,16:00,夏期のみ,,https://city.numazu.shizuoka.jp/kurashi/anshin/aed/setti.htm,設置は期間限定
222038,0000000118,静岡県,沼津市,らららサンビーチ（平沢海水浴場）,ラララサンビーチ,静岡県沼津市西浦平沢517-4,,35.0198675,138.8589541,管理事務所内,055-942-3555,,8000020222038,沼津市,月火水木金土日,08:30,17:00,夏期のみ,,https://city.numazu.shizuoka.jp/kurashi/anshin/aed/setti.htm,設置は期間限定
222038,0000000119,静岡県,沼津市,西浦保育所,ニシウラホイクショ,静岡県沼津市西浦平沢200-29,,35.019778,138.857248,玄関ホール,055-942-2059,,8000020222038,沼津市,月火水木金土,07:30,18:30,祝日、年末年始を除く,,https://city.numazu.shizuoka.jp/kurashi/anshin/aed/setti.htm,
222038,0000000120,静岡県,沼津市,西浦小学校,ニシウラショウガッコウ,静岡県沼津市西浦平沢255-2,,35.019286,138.856293,職員玄関,055-942-2004,,8000020222038,沼津市,月火水木金,08:00,16:30,祝日、休日、年末年始、長期休業等による学校閉庁日を除く,,https://city.numazu.shizuoka.jp/kurashi/anshin/aed/setti.htm,令和３年３月閉校予定
222038,0000000121,静岡県,沼津市,戸田診療所,ヘダシンリョウジョ,静岡県沼津市戸田916-2,,34.9737034,138.7804389,診察室内,0558-94-3970,,8000020222038,沼津市,月火水木金土,09:00,17:00,月曜日・火曜日・水曜日・金曜日：9時-17時　木曜日・土曜日：9時-12時、祝日・年末年始休診,,https://city.numazu.shizuoka.jp/kurashi/anshin/aed/setti.htm,
222038,0000000122,静岡県,沼津市,南消防署戸田出張所,ミナミショウボウショヘダシュッチョウジョ,静岡県沼津市戸田1306-1,,34.9718012,138.7870821,1階事務所内,0558-94-5119,,8000020222038,沼津市,月火水木金土日,00:00,00:00,出動中は貸出し不可,,https://city.numazu.shizuoka.jp/kurashi/anshin/aed/setti.htm,
222038,0000000123,静岡県,沼津市,くるら戸田,クルラヘダ,静岡県沼津市戸田1294-3,,34.9716341,138.7865523,1階事務所前,0558-94-5151,,8000020222038,沼津市,月火水木金土日,08:30,22:00,無休（施設メンテナンス日等を除く）,,https://city.numazu.shizuoka.jp/kurashi/anshin/aed/setti.htm,
222038,0000000124,静岡県,沼津市,戸田デイサービスセンター,ヘダデイサービスセンター,静岡県沼津市戸田1575-1,,34.970522,138.789953,事務室,0558-94-5550,,8000020222038,沼津市,月火水木金,08:30,17:15,年末年始を除く,,https://city.numazu.shizuoka.jp/kurashi/anshin/aed/setti.htm,
222038,0000000125,静岡県,沼津市,戸田図書館,ヘダトショカン,静岡県沼津市戸田845-2,,34.9717629,138.7790567,1階カウンター後ろ,0558-94-4420,,8000020222038,沼津市,火水木金土日,09:00,17:00,休館日：月曜日、祝日、年末年始、４月１日、館内整理日、特別整理期間,,https://city.numazu.shizuoka.jp/kurashi/anshin/aed/setti.htm,
222038,0000000126,静岡県,沼津市,戸田B＆G海洋センター,ヘダビーアンドジーカイヨウセンター,静岡県沼津市戸田2053,,34.968335,138.80122,事務室,0558-94-3501,,8000020222038,沼津市,火水木金土日,09:00,21:00,休館日：月曜日（祝日と重なる場合はその翌日）、祝日の翌日、年末年始,,https://city.numazu.shizuoka.jp/kurashi/anshin/aed/setti.htm,
222038,0000000127,静岡県,沼津市,ゆめとびら舟山,ユメトビラフナヤマ,静岡県沼津市戸田2558-1,,34.9479413,138.7749685,1階事務室前,0558-94-3871,,8000020222038,沼津市,火水木金土日,08:30,17:00,宿泊利用時は24時間利用可　休館日：月曜日（祝日と重なる場合はその翌日）、年末年始,,https://city.numazu.shizuoka.jp/kurashi/anshin/aed/setti.htm,
222038,0000000128,静岡県,沼津市,戸田造船郷土資料博物館,ヘダゾウセンキョウドシリョウハクブツカン,静岡県沼津市戸田2710-1,,34.9768557,138.7659152,正面玄関ロビー,0558-94-2384,,8000020222038,沼津市,月火木金土日,09:00,16:30,休館日：水曜日、祝日の翌日、年末年始,,https://city.numazu.shizuoka.jp/kurashi/anshin/aed/setti.htm,
222038,0000000129,静岡県,沼津市,御浜海水浴場,ミハマカイスイヨクジョウ,静岡県沼津市戸田2710-1地先,,34.9733013,138.7634362,管理事務所内,0558-94-2009,,8000020222038,沼津市,月火水木金土日,08:30,17:00,夏期のみ,,https://city.numazu.shizuoka.jp/kurashi/anshin/aed/setti.htm,設置は期間限定
222038,0000000130,静岡県,沼津市,へだっこセンター（戸田幼稚園・戸田保育所）,ヘダッコセンター,静岡県沼津市戸田1031-1,,34.9711891,138.7840566,職員室の壁,0558-94-3099,,8000020222038,沼津市,月火水木金土,07:30,18:30,祝日、年末年始を除く,,https://city.numazu.shizuoka.jp/kurashi/anshin/aed/setti.htm,
222038,0000000131,静岡県,沼津市,戸田中学校,ヘダチュウガッコウ,静岡県沼津市戸田875,,34.972305,138.779168,事務室前の廊下の壁,0558-94-3055,,8000020222038,沼津市,月火水木金,08:00,16:30,祝日、休日、年末年始、長期休業等による学校閉庁日を除く,,https://city.numazu.shizuoka.jp/kurashi/anshin/aed/setti.htm,令和３年４月～　戸田小中一貫学校
222038,0000000132,静岡県,沼津市,戸田中学校,ヘダチュウガッコウ,静岡県沼津市戸田875,,34.9719,138.780037,体育館入口付近の壁,0558-94-3055,,8000020222038,沼津市,月火水木金,08:00,16:30,祝日、休日、年末年始、長期休業等による学校閉庁日を除く,,https://city.numazu.shizuoka.jp/kurashi/anshin/aed/setti.htm,令和３年４月～　戸田小中一貫学校
222038,0000000133,静岡県,沼津市,井田海水浴場,イタカイスイヨクジョウ,静岡県沼津市井田519地先,,35.0001735,138.7763136,仮設監視所内,055-934-4746,,8000020222038,沼津市,月火水木金土日,08:30,17:00,夏期のみ,,https://city.numazu.shizuoka.jp/kurashi/anshin/aed/setti.htm,設置は期間限定
