都道府県コード又は市区町村コード,NO,都道府県名,市区町村名,名称,名称_カナ,名称_英語,住所,方書,設置位置,緯度,経度,男性トイレ総数,男性トイレ数（小便器）,男性トイレ数（和式）,男性トイレ数（洋式）,女性トイレ総数,女性トイレ数（和式）,女性トイレ数（洋式）,男女共用トイレ総数,男女共用トイレ数（和式）,男女共用トイレ数（洋式）,多機能トイレ数,車椅子使用者用トイレ有無,乳幼児用設備設置トイレ有無,オストメイト設置トイレ有無,利用開始時間,利用終了時間,利用可能時間特記事項,画像,画像_ライセンス,備考
222038,,静岡県,沼津市,沼津駅北口レストスポット,ヌマヅエキキタグチレストスポット,,沼津市大手町一丁目13-9,,沼津駅北口,35.10370,138.86045,6,4,1,1,3,1,2,0,0,0,2,有,有,無,06:00,00:00,,,,
222038,,静岡県,沼津市,沼津駅南口レストスポット,ヌマヅエキミナミグチレストスポット,,沼津市大手町一丁目102,,沼津駅南口,35.10247,138.85899,3,2,0,1,2,1,1,0,0,0,1,有,有,有,06:00,00:00,,,,
222038,,静岡県,沼津市,沼津港レストスポット,ヌマヅコウレストスポット,,沼津市千本港町128-1,,沼津みなと新鮮館付近,35.08421,138.85738,4,3,1,0,3,3,0,0,0,0,0,無,無,無,,,24時間利用可能,,,
222038,,静岡県,沼津市,三津レストスポット,ミトレストスポット,,沼津市内浦三津88-28,,内浦漁協付近,35.02237,138.89745,6,4,2,0,4,4,0,0,0,0,0,無,無,無,,,24時間利用可能,,,
222038,,静岡県,沼津市,木負レストスポット,キショウレストスポット,,沼津市西浦木負216-128,,木負みかん園付近,35.01997,138.87811,2,1,1,0,1,1,0,0,0,0,1,有,有,無,,,24時間利用可能,,,
222038,,静岡県,沼津市,立保レストスポット,タチボレストスポット,,沼津市西浦立保22-1,,西浦市民窓口付近,35.01632,138.85310,3,2,1,0,2,2,0,0,0,0,0,無,無,無,,,24時間利用可能,,,
222038,,静岡県,沼津市,足保レストスポット,アシボレストスポット,,沼津市西浦足保352-2,,西浦足保港付近,35.01882,138.83639,1,0,1,0,1,0,1,0,0,0,0,無,無,無,,,24時間利用可能,,,
222038,,静岡県,沼津市,大瀬第一公衆便所,オセダイイチコウシュウベンジョ,,沼津市西浦江梨325-5,,大瀬駐車場付近,35.02311,138.78665,7,5,1,1,5,3,2,0,0,0,1,有,有,無,,,24時間利用可能,,,
222038,,静岡県,沼津市,大瀬第二公衆便所,オセダイニコウシュウベンジョ,,沼津市西浦江梨334-5,,大瀬神社付近,35.02790,138.78648,6,4,1,1,4,3,1,0,0,0,0,無,無,無,,,24時間利用可能,,,
222038,,静岡県,沼津市,井田レストスポット,イタレストスポット,,沼津市井田350,,井田海岸付近,35.00006,138.77905,3,2,1,0,3,0,3,0,0,0,1,有,無,無,,,24時間利用可能,,,
222038,,静岡県,沼津市,出逢い岬レストスポット,デアイミサキレストスポット,,沼津市戸田2747-1,,出逢い岬内,34.98323,138.77050,2,1,1,0,1,1,0,0,0,0,1,有,無,無,,,24時間利用可能,,,
222038,,静岡県,沼津市,戸田中央桟橋レストスポット,ヘダチュウオウサンバシレストスポット,,沼津市戸田330-13,,戸田観光協会付近,34.97317,138.77709,7,4,2,1,4,3,1,0,0,0,1,有,無,有,,,24時間利用可能,,,
222038,,静岡県,沼津市,御浜レストスポット,ミハマレストスポット,,沼津市戸田2710-1,,御浜海岸付近,34.97257,138.76339,6,4,1,1,5,4,1,0,0,0,1,有,有,無,,,24時間利用可能,,,
222038,,静岡県,沼津市,舟山レストスポット,フナヤマレストスポット,,沼津市戸田2536-1,,ゆめとびら船山付近,34.94848,138.77723,3,2,1,0,2,1,1,0,0,0,1,有,有,無,,,24時間利用可能,,,
222038,,静岡県,沼津市,大平バイオトイレ,オオヒラバイオトイレ,,沼津市大平978,,沼津アルプス御前帰口付近,35.06788,138.89651,0,0,0,0,0,0,0,2,0,2,0,無,無,無,,,24時間利用可能,,,
222038,,静岡県,沼津市,多比仮設トイレ,タビカセツトイレ,,沼津市多比164,,沼津アルプス多比口付近,35.05369,138.90136,0,0,0,0,0,0,0,2,2,0,0,無,無,無,,,24時間利用可能,,,
222038,,静岡県,沼津市,びゅうおバイオトイレ,ビュウオバイオトイレ,,沼津市本字千本1905-27,,びゅうおB棟側入口,35.08106,138.85459,0,0,0,0,0,0,0,2,0,2,0,無,無,無,,,24時間利用可能,,,
222038,,静岡県,沼津市,中央公園,チュウオウコウエン,,大手町4丁目185-4,,園内,,,5,3,1,1,4,3,1,0,0,0,1,1,,,,,,,,
222038,,静岡県,沼津市,山王公園,サンノウコウエン,,平町7－37内,,園内,,,1,1,0,0,1,1,0,0,0,0,1,1,,,,,,,,
222038,,静岡県,沼津市,高沢公園,タカザワコウエン,,高沢町8-1内,,園内,,,2,1,0,1,2,1,1,0,0,0,1,1,,,,,,,,
222038,,静岡県,沼津市,共栄公園,キョウエイコウエン,,共栄町12-2,,園内(1),,,0,0,0,0,0,0,0,1,1,0,0,0,,,,,,,,
222038,,静岡県,沼津市,共栄公園,キョウエイコウエン,,共栄町12-2,,園内(2),,,0,0,0,0,0,0,0,1,1,0,0,0,,,,,,,,
222038,,静岡県,沼津市,宮前公園,ミヤマエコウエン,,宮前町3-6,,園内,,,1,1,0,0,0,0,0,1,1,0,0,0,,,,,,,,
222038,,静岡県,沼津市,花園公園,ハナゾノコウエン,,花園町6-1,,園内,,,1,1,0,0,0,0,0,1,0,1,0,0,,,,,,,,
222038,,静岡県,沼津市,緑ヶ丘公園,ミドリガオカコウエン,,緑ヶ丘8,,園内,,,1,1,0,0,0,0,0,1,1,0,0,0,,,,,,,,
222038,,静岡県,沼津市,市道公園,イチミチコウエン,,市道町17-21,,園内,,,1,1,0,0,0,0,0,1,1,0,0,0,,,,,,,,
222038,,静岡県,沼津市,駿河台公園,スルガダイコウエン,,駿河台15,,園内,,,1,1,0,0,0,0,0,1,1,0,0,0,,,,,,,,
222038,,静岡県,沼津市,高砂公園,タカサゴコウエン,,高砂町6-2,,園内,,,1,1,0,0,0,0,0,1,1,0,0,0,,,,,,,,
222038,,静岡県,沼津市,天神公園,テンジンコウエン,,中瀬町15-1,,園内,,,1,1,0,0,0,0,0,1,1,0,0,0,,,,,,,,
222038,,静岡県,沼津市,堰下公園,セギシタコウエン,,中瀬町6-18,,園内,,,1,1,0,0,0,0,0,1,1,0,0,0,,,,,,,,
222038,,静岡県,沼津市,八重公園,ヤエコウエン,,下香貫八重44-7,,園内,,,1,1,0,0,0,0,0,1,1,0,0,0,,,,,,,,
222038,,静岡県,沼津市,松沢公園,マツザワコウエン,,松沢町17-2,,園内,,,1,1,0,0,0,0,0,1,1,0,0,0,,,,,,,,
222038,,静岡県,沼津市,豊町公園,ユタカチョウコウエン,,豊町7,,園内,,,1,1,0,0,0,0,0,1,1,0,0,0,,,,,,,,
222038,,静岡県,沼津市,高尾台公園,タカオダイコウエン,,高尾台9,,園内,,,1,1,0,0,0,0,0,1,1,0,0,0,,,,,,,,
222038,,静岡県,沼津市,藤井原公園,フジイバラコウエン,,下香貫藤井原1613-5,,園内,,,1,1,0,0,0,0,0,1,1,0,0,0,,,,,,,,
222038,,静岡県,沼津市,今沢中央公園,イマザワチュウオウコウエン,,今沢527-18,,園内,,,1,1,0,0,0,0,0,1,1,0,0,0,,,,,,,,
222038,,静岡県,沼津市,西添1号公園,ニシゾエ1ゴウコウエン,,西添町8-7,,園内,,,1,1,0,0,0,0,0,1,1,0,0,0,,,,,,,,
222038,,静岡県,沼津市,西添2号公園,ニシゾエ2ゴウコウエン,,西添町27-1,,園内,,,1,1,0,0,0,0,0,1,1,0,0,0,,,,,,,,
222038,,静岡県,沼津市,小林台公園,コバヤシダイコウエン,,小林台10-4,,園内,,,1,1,0,0,0,0,0,1,1,0,0,0,,,,,,,,
222038,,静岡県,沼津市,大岡駅前公園,オオオカエキマエコウエン,,大岡字炭焼2177,,園内,,,0,0,0,0,0,0,0,1,1,0,0,0,,,,,,,,
222038,,静岡県,沼津市,赤池公園,アカイケコウエン,,根古屋赤池105-47,,園内,,,1,1,0,0,0,0,0,1,1,0,0,0,,,,,,,,
222038,,静岡県,沼津市,本田町公園,ホンダマチコウエン,,本田町252,,園内,,,0,0,0,0,0,0,0,1,1,0,0,0,,,,,,,,
222038,,静岡県,沼津市,岡宮１号公園,オカノミヤ1ゴウコウエン,,岡宮字洞畑地内,,園内,,,2,1,0,1,2,1,1,0,0,0,1,1,,,,,,,,
222038,,静岡県,沼津市,下河原2号公園,シモガワラ2ゴウコウエン,,下河原町二丁目４－４,,園内,,,1,1,0,0,0,0,0,1,1,0,0,0,,,,,,,,
222038,,静岡県,沼津市,大豆原公園,ダイズバラコウエン,,大岡字大豆原222-29,,園内,,,1,0,0,1,1,0,1,0,0,0,1,1,,,,,,,,
222038,,静岡県,沼津市,宮原公園,ミヤハラコウエン,,玉江町1455-1,,園内,,,2,1,1,0,1,1,0,0,0,0,1,1,,,,,,,,
222038,,静岡県,沼津市,港口公園,ミナトグチコウエン,,本字千本1905-3,,園内,,,3,2,1,0,2,2,0,0,0,0,1,1,,,,,,,,
222038,,静岡県,沼津市,大岡公園,オオオカコウエン,,大岡末広1303-3外,,園内,,,3,2,1,0,2,1,1,0,0,0,0,0,,,,,,,,
222038,,静岡県,沼津市,片浜北公園,カタハマキタコウエン,,西間門字桶下9-2,,園内,,,2,1,1,0,1,1,0,0,0,0,1,1,,,,,,,,
222038,,静岡県,沼津市,御用邸記念公園,ゴヨウテイキネンコウエン,,下香貫島郷2802-1,,駐車場,,,4,3,1,0,3,2,1,0,0,0,0,0,,,,,,,,
222038,,静岡県,沼津市,牛臥便所,ｳｼﾌﾞｾﾍﾞﾝｼﾞｮ,,,,道路出口,,,4,3,1,0,3,3,0,0,0,0,0,0,,,,,,,,
222038,,静岡県,沼津市,門池公園,カドイケコウエン,,岡一色字門池786-9外,,北エリア,,,3,2,0,1,2,1,1,0,0,0,1,1,,,,,,,,
222038,,静岡県,沼津市,門池公園,カドイケコウエン,,岡一色字門池786-9外,,三明寺前,,,1,1,0,0,0,0,0,1,1,0,0,0,,,,,,,,
222038,,静岡県,沼津市,門池公園,カドイケコウエン,,岡一色字門池786-9外,,南駐車場,,,3,2,1,0,2,2,0,0,0,0,1,1,,,,,,,,
222038,,静岡県,沼津市,門池公園,カドイケコウエン,,岡一色字門池786-9外,,東エリア,,,2,1,0,1,0,0,0,0,0,0,1,1,,,,,,,,
222038,,静岡県,沼津市,愛鷹運動公園,カドイケコウエン,,足高尾上219-1,,県駐車場西側,,,3,2,1,0,2,2,0,0,0,0,0,0,,,,,,,,
222038,,静岡県,沼津市,愛鷹運動公園,カドイケコウエン,,足高尾上219-1,,芝生広場南側,,,2,1,1,0,1,1,0,0,0,0,0,0,,,,,,,,
222038,,静岡県,沼津市,千本浜公園,センボンハマコウエン,,本字千本1910-1,,児童遊園,,,3,3,0,0,0,0,0,3,3,0,0,0,,,,,,,,
222038,,静岡県,沼津市,千本浜公園,センボンハマコウエン,,本字千本1910-1,,駐車場入口,,,6,4,2,0,5,4,1,0,0,0,1,1,,,,,,,,
222038,,静岡県,沼津市,千本浜公園,センボンハマコウエン,,本字千本1910-1,,西側出口,,,3,2,1,0,2,2,0,0,0,0,0,0,,,,,,,,
222038,,静岡県,沼津市,我入道公園,ガニュウドウコウエン,,我入道秋葉町441外,,園内,,,3,2,1,0,2,2,0,0,0,0,0,0,,,,,,,,
222038,,静岡県,沼津市,香貫山公園,カヌキヤマコウエン,,上香貫字平戸2312-3,,展望台,,,3,3,0,0,0,0,0,2,2,0,0,0,,,,,,,,
222038,,静岡県,沼津市,香貫山公園,カヌキヤマコウエン,,上香貫字平戸2312-3,,香陵台,,,3,2,1,0,2,1,1,0,0,0,0,0,,,,,,,,
222038,,静岡県,沼津市,蛇松緑道,ジャマツリョクドウ,,白銀町～蛇松町間,,白銀町,,,3,2,1,0,2,2,0,0,0,0,0,0,,,,,,,,
222038,,静岡県,沼津市,蛇松緑道,ジャマツリョクドウ,,白銀町～蛇松町間,,お祭り広場,,,3,2,1,0,2,2,0,0,0,0,1,1,,,,,,,,
222038,,静岡県,沼津市,蛇松緑道,ジャマツリョクドウ,,白銀町～蛇松町間,,蛇松広場,,,1,1,0,0,0,0,0,1,1,0,0,0,,,,,,,,
222038,,静岡県,沼津市,御浜岬公園,ミハマミサキコウエン,,戸田字御浜2710-1,,第２,,,2,1,0,1,1,0,1,0,0,0,1,1,,,,,,,,
222038,,静岡県,沼津市,御浜岬公園,ミハマミサキコウエン,,戸田字御浜2710-1,,灯台前,,,7,5,2,0,6,6,0,0,0,0,0,0,,,,,,,,
222038,,静岡県,沼津市,戸田大川公園,ヘダオオカワコウエン,,戸田大川北川沿い(戸田字平戸1421付近から字足垂3009付近まで),,園路内,,,1,0,1,0,1,1,0,0,0,0,1,1,,,,,,,,
222038,,静岡県,沼津市,牛臥山公園,ウシブセヤマコウエン,,下香貫字山宮前3056-26外,,駐車場,,,3,2,0,1,2,0,2,0,0,0,1,1,,,,,,,,"9:00～16:00(11月～2月)
9:00～16:30(3月,4月,10月)
9:00～17:00(9月)
9:00～17:30(5月)
9:00～18:00(6月～8月)"
222038,,静岡県,沼津市,牛臥山公園,ウシブセヤマコウエン,,下香貫字山宮前3056-26外,,大山別邸跡地,,,1,0,0,1,1,0,1,0,0,0,1,1,,,,,,,,"9:00～16:00(11月～2月)
9:00～16:30(3月,4月,10月)
9:00～17:00(9月)
9:00～17:30(5月)
9:00～18:00(6月～8月)"
222038,,静岡県,沼津市,片浜駅公衆便所,,,,,,,,,,,,,,,,,,,,,,,,,,,
222038,,静岡県,沼津市,しんでん梅林公園,,,,,,,,,,,,,,,,,,,,,,,,,,,
222038,,静岡県,沼津市,戸田饗の里公園,,,,,,,,,,,,,,,,,,,,,,,,,,,
222038,,静岡県,沼津市,長浜側便益施設,,,,,,,,,,,,,,,,,,,,,,,,,,,
222038,,静岡県,沼津市,中瀬市民運動場,,,,,,,,,,,,,,,,,,,,,,,,,,,
222038,,静岡県,沼津市,（旧）静浦東小学校屋内運動場,,,,,,,,,,,,,,,,,,,,,,,,,,,
222038,,静岡県,沼津市,西部市民運動場,,,,,,,,,,,,,,,,,,,,,,,,,,,
222038,,静岡県,沼津市,井田コミュニティ広場,,,,,,,,,,,,,,,,,,,,,,,,,,,
