都道府県コード又は市区町村コード,NO,都道府県名,市区町村名,名称,名称_カナ,医療機関の種類,住所,方書,緯度,経度,電話番号,内線番号,FAX番号,法人番号,法人の名称,医療機関コード,診療曜日,診療開始時間,診療終了時間,診療日時特記事項,時間外における対応,診療科目,病床数,URL,備考
222038,,静岡県,沼津市,石坂外科　医院,ｲｼｻﾞｶｹﾞｶ,,沼津市新宿町1-7　,,,,921-0880,,,,,,,,,,,,,,
222038,,静岡県,沼津市,大岡　医院,ｵｵｵｶｲｲﾝ,,沼津市大岡2473-4　,,,,921-2248,,,,,,,,,,,,,,
222038,,静岡県,沼津市,大村医院,ｵｵﾑﾗｹﾞｶｲﾁｮｳｶｲｲﾝ,,沼津市江原町13-22　,,,,921-7185,,,,,,,,,,,,,,
222038,,静岡県,沼津市,甲斐　医院,ｶｲｲｲﾝ,,沼津市新宿町2-5　,,,,921-7311,,,,,,,,,,,,,,
222038,,静岡県,沼津市,かとう　クリニック,ｶﾄｳｸﾘﾆｯｸ,,沼津市若葉町4-14　,,,,926-7722,,,,,,,,,,,,,,
222038,,静岡県,沼津市,金岡　医院,ｶﾅｵｶｲｲﾝ,,沼津市江原町15-38　,,,,921-1147,,,,,,,,,,,,,,
222038,,静岡県,沼津市,小島レディース　クリニック,ｺｼﾞﾏﾚﾃﾞｨｰｽｸﾘﾆｯｸ,,沼津市大岡1125-1　,,,,952-1103,,,,,,,,,,,,,,
222038,,静岡県,沼津市,神尾産婦人科　医院,ｶﾐｵｻﾝﾌｼﾞﾝｶｲｲﾝ,,沼津市下香貫楊原530-11　,,,,931-1561,,,,,,,,,,,,,,
222038,,静岡県,沼津市,菅野　医院,ｶﾝﾉｲｲﾝ,,沼津市松長225-4　,,,,962-2335,,,,,,,,,,,,,,
222038,,静岡県,沼津市,木内産婦人科　医院,ｷｳﾁｻﾝﾌｼﾞﾝｶ,,沼津市原2027-1　,,,,967-1135,,,,,,,,,,,,,,
222038,,静岡県,沼津市,楠　医院,ｸｽﾉｷｲｲﾝ,,沼津市本錦町650-1　,,,,962-1308,,,,,,,,,,,,,,
222038,,静岡県,沼津市,坂小児科医院,ｻｶｼｮｳﾆｶｲｲﾝ,,沼津市下香貫前原1473-7　,,,,931-3233,,,,,,,,,,,,,,
222038,,静岡県,沼津市,さつき　クリニック,ｻﾂｷｸﾘﾆｯｸ,,沼津市寿町1-34　,,,,923-6135,,,,,,,,,,,,,,
222038,,静岡県,沼津市,ぬまづ島田耳鼻咽喉科医院,ﾇﾏﾂﾞｼﾏﾀﾞｼﾞﾋﾞｲﾝｺｳｶｲｲﾝ,,沼津市杉崎町５－１０　,,,,055-924-0780,,,,,,,,,,,,,,
222038,,静岡県,沼津市,志村内科胃腸科　医院,ｼﾑﾗﾅｲｶｲﾁｮｳｶｲｲﾝ,,沼津市下香貫島郷2627-1　,,,,932-2691,,,,,,,,,,,,,,
222038,,静岡県,沼津市,聖隷沼津健診センター,ｾｲﾚｲﾇﾏﾂﾞｹﾝｼﾝｾﾝﾀｰ,,沼津市本字下一丁田895-1　,,,,962-9882,,,,,,,,,,,,,,
222038,,静岡県,沼津市,瀬尾記念病院,ｾｵｷﾈﾝﾋﾞｮｳｲﾝ,,沼津市上土町3　,,,,962-5500,,,,,,,,,,,,,,
222038,,静岡県,沼津市,東海検診センター診療所,ﾄｳｶｲｹﾝｼﾝｾﾝﾀｰ,,沼津市新沢田町8-7　,,,,922-1157,,,,,,,,,,,,,,
222038,,静岡県,沼津市,冨山　医院,ﾄﾐﾔﾏｲｲﾝ,,沼津市内浦三津563　,,,,941-3010,,,,,,,,,,,,,,
222038,,静岡県,沼津市,中山消化器科クリニック,ﾅｶﾔﾏｼｮｳｶｷｶｸﾘﾆｯｸ,,沼津市西添町7-7　,,,,967-1170,,,,,,,,,,,,,,
222038,,静岡県,沼津市,原（市場町）　医院,ﾊﾗｲｲﾝ,,沼津市市場町12-29　,,,,931-0038,,,,,,,,,,,,,,
222038,,静岡県,沼津市,原小児科（八幡）　医院,ﾊﾗｼｮｳﾆｶ(ﾊﾁﾏﾝ)ｲｲﾝ,,沼津市八幡町27-2　,,,,962-0636,,,,,,,,,,,,,,
222038,,静岡県,沼津市,復明館眼科　医院,ﾌｸﾒｲｶﾝｶﾞﾝｶｲｲﾝ,,沼津市大手町３－３－１５　,,,,055-962-0138,,,,,,,,,,,,,,
222038,,静岡県,沼津市,富士サンロククリニック,ﾌｼﾞｻﾝﾛｸｸﾘﾆｯｸ,,沼津市東椎路1640　,,,,967-1222,,,,,,,,,,,,,,
222038,,静岡県,沼津市,星野（山王台）　医院,ﾎｼﾉｲｲﾝ,,沼津市山王台10-17　,,,,962-0782,,,,,,,,,,,,,,
222038,,静岡県,沼津市,松岡　医院,ﾏﾂｵｶｲｲﾝ,,沼津市志下176　,,,,931-0788,,,,,,,,,,,,,,
222038,,静岡県,沼津市,松田　医院,ﾏﾂﾀﾞｲｲﾝ,,沼津市三枚橋日の出町350-7　,,,,921-5265,,,,,,,,,,,,,,
222038,,静岡県,沼津市,満野産婦人科医院,ﾐﾂﾉｻﾝﾌｼﾞﾝｶｲｲﾝ,,沼津市中沢田284-2　,,,,923-8988,,,,,,,,,,,,,,
222038,,静岡県,沼津市,木村眼科医院,ｷﾑﾗｶﾞﾝｶｲｲﾝ,,沼津市原１８４－５　,,,,055-967-4611,,,,,,,,,,,,,,
222038,,静岡県,沼津市,桜井歯科医院,ｻｸﾗｲｼｶｲｲﾝ,,沼津市沼北町,,,,055-921-1008,,,,,,,,,,,,,,
222038,,静岡県,沼津市,ﾊﾟﾙ博愛歯科,ﾊﾟﾙﾊｸｱｲｼｶ,,沼津市末広町,,,,962-0432,,,,,,,,,,,,,,
222038,,静岡県,沼津市,中野歯科医院,ﾅｶﾉｼｶｲｲﾝ,,沼津市下本町,,,,924-3535,,,,,,,,,,,,,,
222038,,静岡県,沼津市,KLTメモリアル歯科,ｹｲｴﾙﾃｨﾒﾓﾘｱﾙｼｶ,,沼津市大手町,,,,963-5841,,,,,,,,,,,,,,
222038,,静岡県,沼津市,鈴木歯科クリニック,ｽｽﾞｷｼｶｸﾘﾆｯｸ,,沼津市志下,,,,934-1111,,,,,,,,,,,,,,
222038,,静岡県,沼津市,きせがわ病院,ｷｾｶﾞﾜﾋﾞｮｳｲﾝ,病院,沼津市大岡１１５５,,,,055-952－8600,,055-954-0127,,,,,,,,,,,,
222038,,静岡県,沼津市,杉山病院,ｽｷﾞﾔﾏﾋﾞｮｳｲﾝ,病院,沼津市錦町３－５,,,,055-963-4114,,055-963-4113,,,,,,,,,,,,
222038,,静岡県,沼津市,聖隷沼津病院,ｾｲﾚｲﾇﾏﾂﾞﾋﾞｮｳｲﾝ,病院,沼津市本字松下七反田９０２－６,,,,055-952-1000,,055-952-1083,,,,,,,,,,,,
222038,,静岡県,沼津市,瀬尾記念慶友病院,ｾｵｷﾈﾝｹｲﾕｳﾋﾞｮｳｲﾝ,病院,沼津市下香貫島郷２７７３－１,,,,055-935-1511,,055-935-1333,,,,,,,,,,,,
222038,,静岡県,沼津市,西島病院,ﾆｼｼﾞﾏﾋﾞｮｳｲﾝ,病院,沼津市大岡２８３５－７,,,,055-922－8235,,055-922－5114,,,,,,,,,,,,
222038,,静岡県,沼津市,沼津市立病院,ﾇﾏﾂﾞｼﾘﾂﾋﾞｮｳｲﾝ,病院,沼津市東椎路字春ノ木５５０番地,,,,055-924-5100(代),,055-924-5175,,,2211160011,月火水木金,08:30,17:15,土日祝日及び12/28～1/3は通常診療不可。,救急対応のみ。,内科、脳神経内科、呼吸器内科、消化器内科、循環器内科、リウマチ科、小児科、外科、整形外科、形成外科、脳神経外科、小児外科、呼吸器外科、心臓血管外科、皮膚科、泌尿器科、産婦人科、眼科、耳鼻いんこう科、リハビリテーション科、放射線科、麻酔科、救急科、歯科口腔外科,387,https://www.numazu-hospital.shizuoka.jp,
222038,,静岡県,沼津市,沼津中央病院,ﾇﾏﾂﾞﾁｭｳｵｳﾋﾞｮｳｲﾝ,病院,沼津市中瀬町２４－１,,,,055-931－4100,,055-934－1698,,,,,,,,,,,,
222038,,静岡県,沼津市,沼津西病院,ﾇﾏﾂﾞﾆｼﾋﾞｮｳｲﾝ,病院,沼津市原２５０－８,,,,055-966－1181,,055-967－4423,,,,,,,,,,,,
222038,,静岡県,沼津市,沼津リハビリテーション病院,ﾇﾏﾂﾞﾘﾊﾋﾞﾘﾃｰｼｮﾝﾋﾞｮｳｲﾝ,病院,沼津市上香貫蔓陀ヶ原２５１０－２２,,,,055-931－1911,,055-934－3811,,,,,,,,,,,,
222038,,静岡県,沼津市,ふれあい沼津ホスピタル,ﾌﾚｱｲﾇﾏﾂﾞﾎｽﾋﾟﾀﾙ,病院,沼津市市道町８－６,,,,055-962－3530,,055-952－2378,,,,,,,,,,,,
222038,,静岡県,沼津市,あいあい眼科クリニック,ｱｲｱｲｶﾞﾝｶｸﾘﾆｯｸ,,沼津市原１７２１－１７,,,,055-967-7715,,055-967-7716,,,,,,,,,,,,
222038,,静岡県,沼津市,あい敬歯科医院,ｱｲｹｲｼｶｲｲﾝ,,沼津市高砂町7-10,,,,055-924-3799,,,,,,,,,,,,,,
222038,,静岡県,沼津市,i　DENTALCLINIC,ｱｲﾃﾞﾝﾀﾙｸﾘﾆｯｸ,,沼津市大手町3-4-12　,杉山ビル2F,,,055-951-7088,,055-951-7088,,,,,,,,,,,,
222038,,静岡県,沼津市,青木整形外科医院,ｱｵｷｾｲｹｲｹﾞｶｲｲﾝ,,沼津市高島町10-14,ｾﾝﾁｭﾘｰｽﾍﾟｰｽ沼津駅北口1階102,,,055-922－0521,,055-922－0350,,,,,,,,,,,,
222038,,静岡県,沼津市,青沼胃腸科クリニック,ｱｵﾇﾏｲﾁｮｳｶｸﾘﾆｯｸ,,沼津市大岡８３６－１８,,,,055-929－6205,,055-929－6215,,,,,,,,,,,,
222038,,静岡県,沼津市,浅井歯科医院,ｱｻｲｼｶｲｲﾝ,,沼津市浅間町251,,,,055-962-2157,,055-962-2157,,,,,,,,,,,,
222038,,静岡県,沼津市,あさい歯科クリニック,ｱｻｲｼｶｸﾘﾆｯｸ,,沼津市錦町648-18,,,,055-963-5226,,055-954-2007,,,,,,,,,,,,
222038,,静岡県,沼津市,旭医院,ｱｻﾋｲｲﾝ,,沼津市原２８５－１,,,,055-966-0031,,055-966-0908,,,,,,,,,,,,
222038,,静岡県,沼津市,旭歯科医院,ｱｻﾋｼｶｲｲﾝ,,沼津市末広町67,,,,055-962-2521,,055-963-5073,,,,,,,,,,,,
222038,,静岡県,沼津市,あさひデンタルクリニック,ｱｻﾋﾃﾞﾝﾀﾙｸﾘﾆｯｸ,,沼津市沼北町2-11-18,,,,055-941-8148,,055-941-8149,,,,,,,,,,,,
222038,,静岡県,沼津市,愛鷹クリニック,ｱｼﾀｶｸﾘﾆｯｸ,,沼津市今沢字西畑３７２－５,,,,055-967-3711,,055-967-3727,,,,,,,,,,,,
222038,,静岡県,沼津市,あしたか歯科医院,ｱｼﾀｶｼｶｲｲﾝ,,沼津市西椎路487-1,,,,055-939-8070,,055-939-8077,,,,,,,,,,,,
222038,,静岡県,沼津市,あしたか太陽の丘診療所,ｱｼﾀｶﾀｲﾖｳﾉｵｶｼﾝﾘｮｳｼﾞｮ,,沼津市宮本５－２,,,,055-923-7850,,055-923-2518,,,,,,,,,,,,
222038,,静岡県,沼津市,東医院,ｱｽﾞﾏｲｲﾝ,,沼津市高沢町６－８,,,,055-921-5520,,055-921-5519,,,,,,,,,,,,
222038,,静岡県,沼津市,あそうクリニック,ｱｿｳｸﾘﾆｯｸ,,沼津市筒井町１１－１,,,,055-929-7575,,055-929-7733,,,,,,,,,,,,
222038,,静岡県,沼津市,アップル歯科医院,ｱｯﾌﾟﾙｼｶｲｲﾝ,,沼津市新宿町8-3,,,,055-923-8050,,055-923-8050,,,,,,,,,,,,
222038,,静岡県,沼津市,あめみや内科,ｱﾒﾐﾔﾅｲｶ,,沼津市吉田町１７－２８,,,,055-935－1159,,055-935－1160,,,,,,,,,,,,
222038,,静岡県,沼津市,あん歯科クリニック,ｱﾝｼｶｸﾘﾆｯｸ,,沼津市下香貫樋ノ口1718-8,,,,055-957-7878,,055-957-7878,,,,,,,,,,,,
222038,,静岡県,沼津市,飯島歯科医院,ｲｲｼﾞﾏｼｶｲｲﾝ,,沼津市五月町5-11,,,,055-921-8150,,055-921-8150,,,,,,,,,,,,
222038,,静岡県,沼津市,五十嵐クリニック,ｲｶﾞﾗｼｸﾘﾆｯｸ,,沼津市志下１６１－１,,,,055-934－6700,,055-934－6711,,,,,,,,,,,,
222038,,静岡県,沼津市,いくこ歯科医院,ｲｸｺｼｶｲｲﾝ,,沼津市原655-15,,,,055-968-4618,,055-968-4618,,,,,,,,,,,,
222038,,静岡県,沼津市,池田歯科医院,ｲｹﾀﾞｼｶｲｲﾝ,,沼津市北高島町13-30,,,,055-929-2000,,055-929-2001,,,,,,,,,,,,
222038,,静岡県,沼津市,石田歯科医院,ｲｼﾀﾞｼｶｲｲﾝ,,沼津市岡一色堤下128-21,,,,055-922-3990,,055-922-4885,,,,,,,,,,,,
222038,,静岡県,沼津市,石原矯正歯科,ｲｼﾊﾗｷｮｳｾｲｼｶ,,沼津市米山町2-7-2F,,,,055-925-0045,,055-925-0046,,,,,,,,,,,,
222038,,静岡県,沼津市,いしわた歯科医院,ｲｼﾜﾀｼｶｲｲﾝ,,沼津市大手町4-3-40,,,,055-962-2124,,055-962-2124,,,,,,,,,,,,
222038,,静岡県,沼津市,石渡歯科クリニック,ｲｼﾜﾀｼｶｸﾘﾆｯｸ,,沼津市東椎路８８－１１,,,,055-923-4858,,055-923-4858,,,,,,,,,,,,
222038,,静岡県,沼津市,井関マタニティクリニック,ｲｾｷﾏﾀﾆﾃｨｸﾘﾆｯｸ,,沼津市八幡町１１５,,,,055-952－4103,,055-952－4100,,,,,,,,,,,,
222038,,静岡県,沼津市,磯部歯科医院,ｲｿﾍﾞｼｶｲｲﾝ,,沼津市市道町4-14,,,,055-951-1521,,055-962-5305,,,,,,,,,,,,
222038,,静岡県,沼津市,一番館眼科クリニック,ｲﾁﾊﾞﾝｶﾝｶﾞﾝｶｸﾘﾆｯｸ,,沼津市大手町１－２－１,フォーラム一番館４F,,,055-963-5275,,055-963-5275,,,,,,,,,,,,
222038,,静岡県,沼津市,伊東歯科医院,ｲﾄｳｼｶｲｲﾝ,,沼津市大塚141-1,,,,055-967-2525,,055-967-2525,,,,,,,,,,,,
222038,,静岡県,沼津市,いながきレディースクリニック,ｲﾅｶﾞｷﾚﾃﾞｰｽｸﾘﾆｯｸ,,沼津市宮前町１２－１１,,,,055-926-1709,,055-926-1717,,,,,,,,,,,,
222038,,静岡県,沼津市,稲玉歯科医院,ｲﾅﾀﾏｼｶｲｲﾝ,,沼津市大岡1881-3,,,,055-923-4735,,055-926-5919,,,,,,,,,,,,
222038,,静岡県,沼津市,今井医院,ｲﾏｲｲｲﾝ,,沼津市五月町７－１８,,,,055-921－3211,,055-922－6160,,,,,,,,,,,,
222038,,静岡県,沼津市,岩井医院,ｲﾜｲｲｲﾝ,,沼津市西浦古宇１０７９－１,,,,055-942－2012,,055-942－2684,,,,,,,,,,,,
222038,,静岡県,沼津市,岩端医院,ｲﾜﾊﾀｲｲﾝ,,沼津市大手町３－２－１９,,,,055-962－1368,,055-962－1378,,,,,,,,,,,,
222038,,静岡県,沼津市,岩渕内科医院,ｲﾜﾌﾞﾁﾅｲｶｲｲﾝ,,沼津市添地町１７７,,,,055-951-4579,,055-963-3912,,,,,,,,,,,,
222038,,静岡県,沼津市,ウエダ歯科,ｳｴﾀﾞｼｶ,,沼津市平町15－10,,,,055-963-7070,,055-952-6606,,,,,,,,,,,,
222038,,静岡県,沼津市,植松歯科医院,ｳｴﾏﾂｼｶｲｲﾝ,,沼津市若葉町17-27,,,,055-924-3535,,055-924-3536,,,,,,,,,,,,
222038,,静岡県,沼津市,牛臥歯科診療所,ｳｼﾌﾞｾｼｶｼﾝﾘｮｳｼﾞｮ,,沼津市下香貫塩場3079-11,,,,055-932-0065,,055-932-0065,,,,,,,,,,,,
222038,,静岡県,沼津市,梅田歯科医院,ｳﾒﾀﾞｼｶｲｲﾝ,,沼津市米山町2-29　,梅田ビル１F,,,055-921-3338,,055-921-3338,,,,,,,,,,,,
222038,,静岡県,沼津市,雲野歯科医院,ｳﾝﾉｼｶｲｲﾝ,,沼津市山王台1-6,,,,055-963-6231,,055-963-6231,,,,,,,,,,,,
222038,,静岡県,沼津市,海野皮フ科クリニック,ｳﾝﾉﾋﾌｶｸﾘﾆｯｸ,,沼津市上香貫槙島町１２７０－１,,,,055-935-1211,,055-935-1212,,,,,,,,,,,,
222038,,静岡県,沼津市,えがわ医院,ｴｶﾞﾜｲｲﾝ,,沼津市高島本町１２－２０,,,,055-921－5148,,055-921－5173,,,,,,,,,,,,
222038,,静岡県,沼津市,えがわ歯科矯正歯科,ｴｶﾞﾜｼｶｷｮｳｾｲｼｶ,,沼津市高島本町11-15　,頴川ビル１F,,,055-923-6480,,055-923-6480,,,,,,,,,,,,
222038,,静岡県,沼津市,エクセル歯科,ｴｸｾﾙｼｶ,,沼津市原町中2-13-26,,,,055-969-2020,,055-969-2021,,,,,,,,,,,,
222038,,静岡県,沼津市,江塚歯科医院,ｴﾂﾞｶｼｶｲｲﾝ,,沼津市杉崎町2-19,,,,055-923-6838(診),,055-923-6838(診),,,,,,,,,,,,
222038,,静岡県,沼津市,おおい神経内科,ｵｵｲｼﾝｹｲﾅｲｶ,,沼津市北高島町１７－１５,,,,055-922－8886,,055-922－8937,,,,,,,,,,,,
222038,,静岡県,沼津市,大岡内科クリニック,ｵｵｵｶﾅｲｶｸﾘﾆｯｸ,,沼津市大岡２６９６－１０,,,,055-926-2612,,055-926-0808,,,,,,,,,,,,
222038,,静岡県,沼津市,大岡マサキクリニック,ｵｵｵｶﾏｻｷｸﾘﾆｯｸ,,沼津市大岡863-6　,ツインヒルズ1Ｆ,,,055-943-9696,,055-943-9695,,,,,,,,,,,,
222038,,静岡県,沼津市,大川矯正歯科クリニック,ｵｵｶﾜｷｮｳｾｲｼｶｸﾘﾆｯｸ,,沼津市杉崎町7-6,,,,055-922-3338,,055-922-3305,,,,,,,,,,,,
222038,,静岡県,沼津市,大沢医院,ｵｵｻﾜｲｲﾝ,,沼津市御幸町１４番１２号,,,,055-931-1019,,055-928-5024,,,,,,,,,,,,
222038,,静岡県,沼津市,大沢ハートクリニック,ｵｵｻﾜﾊｰﾄｸﾘﾆｯｸ,,沼津市若葉町４－１４,,,,055-929-1313,,055-929-1311,,,,,,,,,,,,
222038,,静岡県,沼津市,大島歯科医院,ｵｵｼﾏｼｶｲｲﾝ,,沼津市筒井町2-6,,,,055-925-0776,,055-925-0748,,,,,,,,,,,,
222038,,静岡県,沼津市,大城歯科医院,ｵｵｼﾛｼｶｲｲﾝ,,沼津市共栄町7-13,,,,055-922-5512,,055-925-7557,,,,,,,,,,,,
222038,,静岡県,沼津市,大嶽歯科医院,ｵｵﾀｹｼｶｲｲﾝ,,沼津市岡一色４２１－２,,,,055-925-1286,,055-925-1286,,,,,,,,,,,,
222038,,静岡県,沼津市,大津歯科医院,ｵｵﾂｼｶｲｲﾝ,,沼津市真砂町7-9,,,,055-951-3800,,055-951-3800,,,,,,,,,,,,
222038,,静岡県,沼津市,大手町クリニック,ｵｵﾃﾏﾁｸﾘﾆｯｸ,,沼津市大手町3-1-2 ,エイブル･コア 6階,,,055-962-7371,,055-951-7085,,,,,,,,,,,,
222038,,静岡県,沼津市,大村歯科医院,ｵｵﾑﾗｼｶｲｲﾝ,,沼津市大手町2-4-1　,第一生命ビル2F,,,055-962-8046,,055-962-8046,,,,,,,,,,,,
222038,,静岡県,沼津市,岡田医院,ｵｶﾀﾞｲｲﾝ,,沼津市新宿町４－１,,,,055-921－5321,,055-926－8170,,,,,,,,,,,,
222038,,静岡県,沼津市,岡山デンタルクリニック,ｵｶﾔﾏﾃﾞﾝﾀﾙｸﾘﾆｯｸ,,沼津市西椎路118-1,,,,055-967-2322,,055-967-2352,,,,,,,,,,,,
222038,,静岡県,沼津市,おざわ歯科医院,ｵｻﾞﾜｼｶｲｲﾝ,,沼津市大岡1541-4,,,,055-951-2534,,055-951-2534,,,,,,,,,,,,
222038,,静岡県,沼津市,御成橋　栄クリニック,ｵﾅﾘﾊﾞｼｻｶｴｸﾘﾆｯｸ,,沼津市八幡町29-1　,栄ビル2F,,,055-952－2525,,055-952－7733,,,,,,,,,,,,
222038,,静岡県,沼津市,小野医院,ｵﾉｲｲﾝ,,沼津市真砂町２２－１７,,,,055-951－6213,,055-951－6475,,,,,,,,,,,,
222038,,静岡県,沼津市,小野眼科クリニック,ｵﾉｶﾞﾝｶｸﾘﾆｯｸ,,沼津市高島町８－８,,,,055-929－1881,,055-929－1880,,,,,,,,,,,,
222038,,静岡県,沼津市,小野歯科医院,ｵﾉｼｶｲｲﾝ,,沼津市高島町8-1,,,,055-921-9053,,055-921-9054,,,,,,,,,,,,
222038,,静岡県,沼津市,海瀬医院,ｶｲｾｲｲﾝ,,沼津市西浦久連４３６－１６,,,,055-942－2014,,055-942－2014,,,,,,,,,,,,
222038,,静岡県,沼津市,鏡歯科医院,ｶｶﾞﾐｼｶｲｲﾝ,,沼津市岡一色770-1,,,,055-921-1723,,055-921-1723,,,,,,,,,,,,
222038,,静岡県,沼津市,岳南医院,ｶﾞｸﾅﾝｲｲﾝ,,沼津市米山町１２－３０,,,,055-921-2443,,055-921-2443,,,,,,,,,,,,
222038,,静岡県,沼津市,柏木歯科医院,ｶｼﾜｷﾞｼｶｲｲﾝ,,沼津市添地町213,,,,055-962-1340,,055-951-6841,,,,,,,,,,,,
222038,,静岡県,沼津市,片岡歯科医院,ｶﾀｵｶｼｶｲｲﾝ,,沼津市下香貫汐入2171-2,,,,055-931-2009,,055-931-2009,,,,,,,,,,,,
222038,,静岡県,沼津市,片浜ベース歯科,カタハマベースシカ,,沼津市松長921-6　,ドリーミー片浜101,,,055-957-4649,,055-957-4650,,,,,,,,,,,,
222038,,静岡県,沼津市,加藤歯科医院,ｶﾄｳｼｶｲｲﾝ,,沼津市北今沢16-1,,,,055-966-4841,,055-967-4915,,,,,,,,,,,,
222038,,静岡県,沼津市,加藤整形・形成外科医院,ｶﾄｳｾｲｹｲｹｲｾｲｹﾞｶｲｲﾝ,,沼津市我入道江川２２－６,,,,055-932-3330,,055-932-8156,,,,,,,,,,,,
222038,,静岡県,沼津市,かとう内科医院,ｶﾄｳﾅｲｶｲｲﾝ,,沼津市大岡１９９８,,,,055-946-5562,,055-946-5563,,,,,,,,,,,,
222038,,静岡県,沼津市,金井歯科診療所,ｶﾅｲｼｶｼﾝﾘｮｳｼﾞｮ,,沼津市大平1584-1,,,,055-931-3922,,055-931-3922,,,,,,,,,,,,
222038,,静岡県,沼津市,金元整形外科医院,ｶﾅﾓﾄｾｲｹｲｹﾞｶｲｲﾝ,,沼津市松長７４０－７,,,,055-924-0112,,055-923-7265,,,,,,,,,,,,
222038,,静岡県,沼津市,香貫医院,ｶﾇｷｲｲﾝ,,沼津市本郷町２７－１８,,,,055-931－2465,,055-931－2477,,,,,,,,,,,,
222038,,静岡県,沼津市,かぬき岩端医院,ｶﾇｷｲﾜﾊﾞﾀｲｲﾝ,,沼津市下香貫前原１４７９－３,,,,055-932-8189,,055-932-8192,,,,,,,,,,,,
222038,,静岡県,沼津市,鎌田歯科医院,ｶﾏﾀｼｶｲｲﾝ,,沼津市御幸町24-46,,,,055-933-9700,,055-955-4055,,,,,,,,,,,,
222038,,静岡県,沼津市,亀井歯科医院,ｶﾒｲｼｶｲｲﾝ,,沼津市大手町1-1-9,,,,055-962-0995,,055-963-1225,,,,,,,,,,,,
222038,,静岡県,沼津市,川口歯科医院,ｶﾜｸﾞﾁｼｶｲｲﾝ,,沼津市高島町21-2,,,,055-921-5086,,055-921-5086,,,,,,,,,,,,
222038,,静岡県,沼津市,神田歯科医院,ｶﾝﾀﾞｼｶｲｲﾝ,,沼津市大手町5-6-2,,,,055-951-6480,,055-951-6480,,,,,,,,,,,,
222038,,静岡県,沼津市,庵原歯科医院,ｶﾝﾊﾞﾗｼｶｲｲﾝ,,沼津市添地町149,,,,055-963-2468,,055-951-2424,,,,,,,,,,,,
222038,,静岡県,沼津市,庵原町中歯科医院,ｶﾝﾊﾞﾗﾁｮｳﾅｶｼｶｲｲﾝ,,沼津市原町中1-3-10,,,,055-969-1000,,055-969-1035,,,,,,,,,,,,
222038,,静岡県,沼津市,城内歯科医院,ｷｳﾁｼｶｲｲﾝ,,沼津市三枚橋町13-9,,,,055-962-2612,,055-962-2612,,,,,,,,,,,,
222038,,静岡県,沼津市,きくた歯科医院,ｷｸﾀｼｶｲｲﾝ,,沼津市下河原73-2,,,,055-951-4628,,055-951-4628,,,,,,,,,,,,
222038,,静岡県,沼津市,北原歯科医院,ｷﾀﾊﾗｼｶｲｲﾝ,,沼津市江原町6-16,,,,055-922-9885,,055-922-9885,,,,,,,,,,,,
222038,,静岡県,沼津市,きのした歯科クリニック,ｷﾉｼﾀｼｶｸﾘﾆｯｸ,,沼津市岡宮堂の上1124,,,,055-925-3381,,055-925-3381,,,,,,,,,,,,
222038,,静岡県,沼津市,木村眼科医院,ｷﾑﾗｶﾞﾝｶｲｲﾝ,,沼津市原１８４－５,,,,055-967-4611,,055-969-1982,,,,,,,,,,,,
222038,,静岡県,沼津市,杏林歯科,ｷｮｳﾘﾝｼｶ,,沼津市西椎路193,,,,055-967-1487,,055-966-4288,,,,,,,,,,,,
222038,,静岡県,沼津市,工藤歯科医院,ｸﾄﾞｳｼｶｲｲﾝ,,沼津市高島本町11-3,,,,055-923-3031,,055-924-2418,,,,,,,,,,,,
222038,,静岡県,沼津市,窪田医院,ｸﾎﾞﾀｲｲﾝ,,沼津市吉田町８－１０,,,,055-931－2544,,055-931－2544,,,,,,,,,,,,
222038,,静岡県,沼津市,栗田歯科医院,ｸﾘﾀｼｶｲｲﾝ,,沼津市幸町4,,,,055-962-2687,,055-962-2684,,,,,,,,,,,,
222038,,静岡県,沼津市,クリニックかどいけ,ｸﾘﾆｯｸｶﾄﾞｲｹ,,沼津市岡一色６７２－２,,,,055-929-7427,,055-929-7457,,,,,,,,,,,,
222038,,静岡県,沼津市,黒木歯科医院,ｸﾛｷｼｶｲｲﾝ,,沼津市本郷町22-18,,,,055-931-3367,,055-931-7178,,,,,,,,,,,,
222038,,静岡県,沼津市,くわはら矯正歯科医院,ｸﾜﾊﾗｷｮｳｾｲｼｶｲｲﾝ,,沼津市大手町5-5-3　,森田ビル５F,,,055-962-0388,,055-957-8125,,,,,,,,,,,,
222038,,静岡県,沼津市,敬愛歯科医院,ｹｲｱｲｼｶｲｲﾝ,,沼津市下香貫下障子3151-5,,,,055-931-0100,,055-931-0100,,,,,,,,,,,,
222038,,静岡県,沼津市,KLT川口歯科医院,ｹｰｴﾙﾃｨｰｶﾜｸﾞﾁｼｶｲｲﾝ,,沼津市本町37,,,,055-962-1460,,055-962-1468,,,,,,,,,,,,
222038,,静岡県,沼津市,KLT川口メモリアル歯科,ｹｰｴﾙﾃｨｰｶﾜｸﾞﾁﾒﾓﾘｱﾙｼｶ,,沼津市大手町3-2-20　,サンフォーレビル３F,,,055-963-5841,,055-963-5881,,,,,,,,,,,,
222038,,静岡県,沼津市,けやきデンタルクリニック,ｹﾔｷﾃﾞﾝﾀﾙｸﾘﾆｯｸ,,沼津市寿町23-32,,,,055-924-2550,,055-924-2550,,,,,,,,,,,,
222038,,静岡県,沼津市,こだま耳鼻咽喉科クリニック,ｺﾀﾞﾏｼﾞﾋﾞｲﾝｺｳｶｸﾘﾆｯｸ,,沼津市庄栄町１０－１７,,,,055-926-1333,,055-926-1333,,,,,,,,,,,,
222038,,静岡県,沼津市,後藤歯科医院,ｺﾞﾄｳｼｶｲｲﾝ,,沼津市東椎路831,,,,055-925-3511,,055-925-3678,,,,,,,,,,,,
222038,,静岡県,沼津市,ごとう歯科医院,ｺﾞﾄｳｼｶｲｲﾝ,,沼津市原1418-45,,,,055-966-5511,,055-966-5621,,,,,,,,,,,,
222038,,静岡県,沼津市,小林医院,ｺﾊﾞﾔｼｲｲﾝ,,沼津市今沢６８０－３,,,,055-966-7700,,055-968-7701,,,,,,,,,,,,
222038,,静岡県,沼津市,小林内科医院,ｺﾊﾞﾔｼﾅｲｶｲｲﾝ,,沼津市米山町７－８,,,,055-921-2165,,055-921-2171,,,,,,,,,,,,
222038,,静岡県,沼津市,こんどうクリニック,ｺﾝﾄﾞｳｸﾘﾆｯｸ,,沼津市岡宮１１５７－１,,,,055-925-2420,,055-925-2422,,,,,,,,,,,,
222038,,静岡県,沼津市,斎藤歯科医院,ｻｲﾄｳｼｶｲｲﾝ,,沼津市玉江町1-4,,,,055-935-6355,,055-935-6355,,,,,,,,,,,,
222038,,静岡県,沼津市,酒井医院,ｻｶｲｲｲﾝ,,沼津市今沢２０６,,,,055-966-1755,,055-955-7222,,,,,,,,,,,,
222038,,静岡県,沼津市,堺沢歯科医院,ｻｶｲｻﾞﾜｼｶｲｲﾝ,,沼津市大手町2-9-5,,,,055-962-2849,,055-962-9370,,,,,,,,,,,,
222038,,静岡県,沼津市,酒井歯科医院,ｻｶｲｼｶｲｲﾝ,,沼津市今沢340,,,,055-968-1551,,055-968-1551,,,,,,,,,,,,
222038,,静岡県,沼津市,桜井歯科医院,ｻｸﾗｲｼｶｲｲﾝ,,沼津市沼北町1-5-17,,,,055-921-1008,,055-921-1008,,,,,,,,,,,,
222038,,静岡県,沼津市,さくらんぼ助産院,ｻｸﾗﾝﾎﾞｼﾞｮｻﾝｲﾝ,,沼津市大平９２３,,,,055-941-7678,,,,,,,,,,,,,,
222038,,静岡県,沼津市,笹本歯科,ｻｻﾓﾄｼｶ,,沼津市大手町5-6-7　,ヌマヅスルガビル５F,,,055-951-2815,,055-951-2815,,,,,,,,,,,,
222038,,静岡県,沼津市,佐藤医院,ｻﾄｳｲｲﾝ,,沼津市大岡日吉１６９９ー６,,,,055-962-5479,,055-962-5479,,,,,,,,,,,,
222038,,静岡県,沼津市,サトウ歯科,ｻﾄｳｼｶ,,沼津市石川163,,,,055-966-2035(診),,055-966-9552(診),,,,,,,,,,,,
222038,,静岡県,沼津市,さとう歯科医院,ｻﾄｳｼｶｲｲﾝ,,沼津市大岡810-26,,,,055-920-3515,,055-920-3515,,,,,,,,,,,,
222038,,静岡県,沼津市,さとやま整形外科内科,ｻﾄﾔﾏｾｲｹｲｹﾞｶﾅｲｶ,,沼津市東原560-1,,,,055-939-8031,,055-968-6777,,,,,,,,,,,,
222038,,静岡県,沼津市,佐野歯科クリニック,ｻﾉｼｶｸﾘﾆｯｸ,,沼津市大岡1420-3,,,,055-951-0522,,055-951-0525,,,,,,,,,,,,
222038,,静岡県,沼津市,澤木歯科医院,ｻﾜｷｼｶｲｲﾝ,,沼津市旭町２２,,,,055-951-1571,,055-952-1823,,,,,,,,,,,,
222038,,静岡県,沼津市,澤木小児科医院,ｻﾜｷｼｮｳﾆｶｲｲﾝ,,沼津市旭町２２,,,,055-951-1571,,055-952-1823,,,,,,,,,,,,
222038,,静岡県,沼津市,さわだの森耳鼻咽喉科クリニック,ｻﾜﾀﾞﾉﾓﾘｼﾞﾋﾞｲﾝｺｳｶｸﾘﾆｯｸ,,沼津市西沢田３４０－１,,,,055-929-8787,,055-929-8788,,,,,,,,,,,,
222038,,静岡県,沼津市,さわだ･メディカル･クリニック,ｻﾜﾀﾞﾒﾃﾞｨｶﾙｸﾘﾆｯｸ,,沼津市西沢田３２５－１,,,,055-921-1711,,055-921-1391,,,,,,,,,,,,
222038,,静岡県,沼津市,獅子浜医院,ｼｼﾊﾏｲｲﾝ,,沼津市獅子浜２３７,,,,055-931－3175,,055-931－9676,,,,,,,,,,,,
222038,,静岡県,沼津市,耳鼻咽喉科岩渕医院,ｼﾞﾋﾞｲﾝｺｳｶｲﾜﾌﾞﾁｲｲﾝ,,沼津市八幡町８５,,,,055-951－4161,,055-951－4161,,,,,,,,,,,,
222038,,静岡県,沼津市,耳鼻科サイラクリニック,ｼﾞﾋﾞｶｻｲﾗｸﾘﾆｯｸ,,沼津市市場町１２－２９,,,,055-935-1133,,055-935-5533,,,,,,,,,,,,
222038,,静岡県,沼津市,庄司歯科医院,ｼｮｳｼﾞｼｶｲｲﾝ,,沼津市本町9,,,,055-962-1122,,055-962-3433,,,,,,,,,,,,
222038,,静岡県,沼津市,小児歯科よしいけ,ｼｮｳﾆｼｶﾖｼｲｹ,,沼津市市場町7-8,,,,055-932-6106,,055-932-6106,,,,,,,,,,,,
222038,,静岡県,沼津市,白石医院,ｼﾗｲｼｲｲﾝ,,沼津市市道町１２－２５,,,,055-951-4593,,055-951-5829,,,,,,,,,,,,
222038,,静岡県,沼津市,シラカベ歯科医院,ｼﾗｶﾍﾞｼｶｲｲﾝ,,沼津市本字下一丁田889-7,,,,055-952-3333,,055-952-3333,,,,,,,,,,,,
222038,,静岡県,沼津市,心療内科ゆうゆう,ｼﾝﾘｮｳﾅｲｶﾕｳﾕｳ,,沼津市高沢町3-15　,エンゼルパークビル２階,,,055-929-1300,,055-929-1301,,,,,,,,,,,,
222038,,静岡県,沼津市,杉谷小児科医院,ｽｷﾞﾀﾆｼｮｳﾆｶｲｲﾝ,,沼津市筒井町８－１６,,,,055-923－6543,,055-924－3989,,,,,,,,,,,,
222038,,静岡県,沼津市,すぎやまメンタルクリニック,ｽｷﾞﾔﾏﾒﾝﾀﾙｸﾘﾆｯｸ,,沼津市黒瀬町２,,,,055-960－7915,,055-960－7951,,,,,,,,,,,,
222038,,静岡県,沼津市,勝呂医院,ｽｸﾞﾛｲｲﾝ,,沼津市千本中町１９,,,,055-962－3083,,055-962－3084,,,,,,,,,,,,
222038,,静岡県,沼津市,鈴木統歯科クリニック,ｽｽﾞｷｵｻﾑｼｶｸﾘﾆｯｸ,,沼津市西間門字南側443-1,,,,055-951-6383,,055-951-6384,,,,,,,,,,,,
222038,,静岡県,沼津市,鈴木歯科医院,ｽｽﾞｷｼｶｲｲﾝ,,沼津市吉田町28-26,,,,055-931-1192,,055-931-1192,,,,,,,,,,,,
222038,,静岡県,沼津市,鈴木歯科医院,ｽｽﾞｷｼｶｲｲﾝ,,沼津市北高島町4-11,,,,055-922-2888,,055-922-2889,,,,,,,,,,,,
222038,,静岡県,沼津市,鈴木歯科クリニック,ｽｽﾞｷｼｶｸﾘﾆｯｸ,,沼津市志下178-2,,,,055-934-1111,,055-934-1000,,,,,,,,,,,,
222038,,静岡県,沼津市,すずきファミリークリニック,ｽｽﾞｷﾌｧﾐﾘｰｸﾘﾆｯｸ,,沼津市一本松４７６－１,,,,055-960-0333,,055-960-0311,,,,,,,,,,,,
222038,,静岡県,沼津市,するがホームＥクリニック,ｽﾙｶﾞﾎｰﾑｲｰｸﾘﾆｯｸ,,沼津市新宿町12-5　,ミルカ2号館,,,055-929-2055,,055-929-2051,,,,,,,,,,,,
222038,,静岡県,沼津市,すんとう歯科クリニック,ｽﾝﾄｳｼｶｸﾘﾆｯｸ,,沼津市大平138-1,,,,055-933-3418,,055-933-3418,,,,,,,,,,,,
222038,,静岡県,沼津市,駿東整形外科医院,ｽﾝﾄｳｾｲｹｲｹﾞｶｲｲﾝ,,沼津市高沢町６－1,,,,055-922－8855,,055-922－8857,,,,,,,,,,,,
222038,,静岡県,沼津市,瀬尾眼科医院,ｾｵｶﾞﾝｶｲｲﾝ,,沼津市市場町２１－１０,,,,055-933-9900,,055-933-9901,,,,,,,,,,,,
222038,,静岡県,沼津市,関外科胃腸科医院,ｾｷｹﾞｶｲﾁｮｳｶｲｲﾝ,,沼津市花園町９－３,,,,055-921-2185,,055-925-4681,,,,,,,,,,,,
222038,,静岡県,沼津市,せきざわ歯科医院,ｾｷｻﾞﾜｼｶｲｲﾝ,,沼津市西間門227-4,,,,055-951-6123,,055-951-6123,,,,,,,,,,,,
222038,,静岡県,沼津市,関歯科医院,ｾｷｼｶｲｲﾝ,,沼津市庄栄町7－8,,,,055-921-1530,,055-921-1530,,,,,,,,,,,,
222038,,静岡県,沼津市,関谷レディースクリニック,ｾｷﾔﾚﾃﾞｨｰｽｸﾘﾆｯｸ,,沼津市西椎路１４９－１,,,,055-968-6611,,055-968-6612,,,,,,,,,,,,
222038,,静岡県,沼津市,芹澤クリニック,ｾﾘｻﾞﾜｸﾘﾆｯｸ,,沼津市大岡１７４５－１,,,,055-963-3377,,055-963-3366,,,,,,,,,,,,
222038,,静岡県,沼津市,芹澤歯科医院,ｾﾘｻﾞﾜｼｶｲｲﾝ,,沼津市大岡1962,,,,055-922-5161,,055-922-5169,,,,,,,,,,,,
222038,,静岡県,沼津市,せりざわ歯科医院,ｾﾘｻﾞﾜｼｶｲｲﾝ,,沼津市我入道江川16-26,,,,055-932-7070,,055-932-7070,,,,,,,,,,,,
222038,,静岡県,沼津市,ソデ歯科医院,ｿﾃﾞｼｶｲｲﾝ,,沼津市高島町27-11,,,,055-921-2720,,055-921-3002,,,,,,,,,,,,
222038,,静岡県,沼津市,高田胃腸科・内科クリニック,ﾀｶﾀﾞｲﾁｮｳｶﾅｲｶｸﾘﾆｯｸ,,沼津市仲町７,,,,055-962－1410,,055-951－3608,,,,,,,,,,,,
222038,,静岡県,沼津市,髙遠内科クリニック,ﾀｶﾄｳﾅｲｶｸﾘﾆｯｸ,,沼津市東椎路９２２－１,,,,055-926-8739,,055-926-8737,,,,,,,,,,,,
222038,,静岡県,沼津市,田口歯科医院,ﾀｸﾞﾁｼｶｲｲﾝ,,沼津市今沢680-2,,,,055-966-6216（診）,,055-966-6432,,,,,,,,,,,,
222038,,静岡県,沼津市,田沢医院,ﾀｻﾞﾜｲｲﾝ,,沼津市大手町３－７－１,,,,055-962－1205,,055-951－1013,,,,,,,,,,,,
222038,,静岡県,沼津市,田中医院,ﾀﾅｶｲｲﾝ,,沼津市高島町２３－１５,,,,055-921-2053,,055-923-6307,,,,,,,,,,,,
222038,,静岡県,沼津市,たなか歯科,ﾀﾅｶｼｶ,,沼津市東沢田233-8,,,,055-923-6884,,055-923-0066,,,,,,,,,,,,
222038,,静岡県,沼津市,田原歯科医院,ﾀﾊﾗｼｶｲｲﾝ,,沼津市庄栄町10-43,,,,,,055-922-8045,,,,,,,,,,,,
222038,,静岡県,沼津市,たまだ歯科医院,ﾀﾏﾀﾞｼｶｲｲﾝ,,沼津市高砂町7-10,,,,055-924-3799,,055-924-2704,,,,,,,,,,,,
222038,,静岡県,沼津市,千葉医院,ﾁﾊﾞｲｲﾝ,,沼津市下香貫八重１１６－１,,,,055-931-1701,,055-931-1701,,,,,,,,,,,,
222038,,静岡県,沼津市,千葉歯科医院,ﾁﾊﾞｼｶｲｲﾝ,,沼津市大手町2-9-1　２F,,,,055-964-1500,,055-964-1503,,,,,,,,,,,,
222038,,静岡県,沼津市,中央歯科医院,ﾁｭｳｵｳｼｶｲｲﾝ,,沼津市末広町28,,,,055-962-3788,,055-962-3788,,,,,,,,,,,,
222038,,静岡県,沼津市,塚本歯科クリニック,ﾂｶﾓﾄｼｶｸﾘﾆｯｸ,,沼津市下香貫前原１４９９－１,,,,055-934-8020,,055-934-8021,,,,,,,,,,,,
222038,,静岡県,沼津市,土屋歯科,ﾂﾁﾔｼｶ,,沼津市大岡1142-1,,,,055-962-3136,,055-962-3141,,,,,,,,,,,,
222038,,静岡県,沼津市,津野歯科医院,ﾂﾉｼｶｲｲﾝ,,沼津市大岡2275-6,,,,055-921-5164,,055-921-5260,,,,,,,,,,,,
222038,,静岡県,沼津市,つりた耳鼻咽喉科クリニック,ﾂﾘﾀｼﾞﾋﾞｲﾝｺｳｶｸﾘﾆｯｸ,,沼津市宮前町１３－４,,,,055-927-3387,,055-927-3389,,,,,,,,,,,,
222038,,静岡県,沼津市,手塚クリニック,ﾃﾂﾞｶｸﾘﾆｯｸ,,沼津市西浦木負７６７－１４,,,,055-942-3200,,055-942-3222,,,,,,,,,,,,
222038,,静岡県,沼津市,てらだ医院,ﾃﾗﾀﾞｲｲﾝ,,沼津市原１７０２－１２,,,,055-967-1286,,055-967-8643,,,,,,,,,,,,
222038,,静岡県,沼津市,寺田医院,ﾃﾗﾀﾞｲｲﾝ,,沼津市上香貫三貫地１１７３－５,,,,055-931－3181,,055-931－3181,,,,,,,,,,,,
222038,,静岡県,沼津市,デンタルオフィスみなと,ﾃﾞﾝﾀﾙｵﾌｨｽﾐﾅﾄ,,沼津市本田町５－１７,,,,055-926-8241,,055-922-9911,,,,,,,,,,,,
222038,,静岡県,沼津市,トータルサポートクリニック沼津,トータルサポートクリニックヌマヅ,,沼津市原1721-15　,１F東号室,,,055-957-4910,,055-957-4981,,,,,,,,,,,,
222038,,静岡県,沼津市,戸田診療所,ﾄﾀﾞｼﾝﾘｮｳｼﾞｮ,,沼津市戸田９１６－３,,,,0558-94-3720,,0558-94-5777,,,,,,,,,,,,
222038,,静岡県,沼津市,とりい内科クリニック,ﾄﾘｲﾅｲｶｸﾘﾆｯｸ,,沼津市杉崎町13-42,,,,055-960-8007,,055-957-1187,,,,,,,,,,,,
222038,,静岡県,沼津市,内藤泌尿器科医院,ﾅｲﾄｳﾋﾆｮｳｷｶｲｲﾝ,,沼津市大岡字中石田２４４２－４,,,,055-925-7110,,055-925-9110,,,,,,,,,,,,
222038,,静岡県,沼津市,なおきクリニック,ﾅｵｷｸﾘﾆｯｸ,,沼津市東椎路７０８－１,,,,055-929－8555,,055-923－0009,,,,,,,,,,,,
222038,,静岡県,沼津市,中江歯科クリニック,ﾅｶｴｼｶｸﾘﾆｯｸ,,沼津市岡宮973-5,,,,055-926-2555,,055-926-2555,,,,,,,,,,,,
222038,,静岡県,沼津市,長尾歯科医院,ﾅｶﾞｵｼｶｲｲﾝ,,沼津市上香貫宮原町1505,,,,055-931-3780,,055-931-3780,,,,,,,,,,,,
222038,,静岡県,沼津市,長澤歯科医院,ﾅｶﾞｻﾜｼｶｲｲﾝ,,沼津市大手町3-1-3　,エイブルコア5F,,,055-951-1560,,055-951-1599,,,,,,,,,,,,
222038,,静岡県,沼津市,ながさわ原町歯科医院,ﾅｶﾞｻﾜﾊﾗﾏﾁｼｶｲｲﾝ,,沼津市原1764-1,,,,055-969-2212,,055-969-2212,,,,,,,,,,,,
222038,,静岡県,沼津市,中島歯科医院,ﾅｶｼﾞﾏｼｶｲｲﾝ,,沼津市三園町9-14,,,,055-932-7177,,055-960-7197,,,,,,,,,,,,
222038,,静岡県,沼津市,永野医院,ﾅｶﾞﾉｲｲﾝ,,沼津市大岡１４０１－１,,,,055-962－4450,,055-962－4537,,,,,,,,,,,,
222038,,静岡県,沼津市,中ノ森眼科,ﾅｶﾉﾓﾘｶﾞﾝｶ,,沼津市緑ヶ丘２－３,,,,055-921-3217,,055-921-3357,,,,,,,,,,,,
222038,,静岡県,沼津市,中ノ森歯科医院,ﾅｶﾉﾓﾘｼｶｲｲﾝ,,沼津市緑ヶ丘2-10,,,,055-923-6784,,055-923-6784,,,,,,,,,,,,
222038,,静岡県,沼津市,中山医院,ﾅｶﾔﾏｲｲﾝ,,沼津市神田町3-3,,,,055-929-7007,,055-929-7008,,,,,,,,,,,,
222038,,静岡県,沼津市,中山皮膚科･形成外科,ﾅｶﾔﾏﾋﾌｶｹｲｾｲｹﾞｶ,,沼津市筒井町８－６,,,,055-923-1020,,055-923-1048,,,,,,,,,,,,
222038,,静岡県,沼津市,なつニューロクリニック,ﾅﾂﾆｭｰﾛｸﾘﾆｯｸ,,沼津市下香貫石原１２８２－２,,,,055-933－5585,,055-933－5586,,,,,,,,,,,,
222038,,静岡県,沼津市,にいづま歯科,ﾆｲﾂﾞﾏｼｶ,,沼津市大手町2-7-17,大手町ハイツ,,,055-964-2110,,055-964-2160,,,,,,,,,,,,
222038,,静岡県,沼津市,新妻ひふ科,ﾆｲﾂﾞﾏﾋﾌｶ,,沼津市大手町2-7-17　,大手町ハイツ１階,,,055-962－0311,,055-962－0313,,,,,,,,,,,,
222038,,静岡県,沼津市,西家歯科医院,ﾆｼｲｴｼｶｲｲﾝ,,沼津市原198,,,,055-966-0007,,055-966-0027,,,,,,,,,,,,
222038,,静岡県,沼津市,西方外科医院,ﾆｼｶﾀｹﾞｶｲｲﾝ,,沼津市共栄町２０－５,,,,055-921-1333,,055-921-6166,,,,,,,,,,,,
222038,,静岡県,沼津市,二本松眼科医院,ﾆﾎﾝﾏﾂｶﾞﾝｶｲｲﾝ,,沼津市玉江町５－５,,,,055-931－6111,,055-933－0071,,,,,,,,,,,,
222038,,静岡県,沼津市,沼津大山クリニック,ﾇﾏﾂﾞｵｵﾔﾏｸﾘﾆｯｸ,,沼津市大手町１－１－６　,イーラｄｅ2階,,,055-954－2274,,055-954－2300,,,,,,,,,,,,
222038,,静岡県,沼津市,沼津岡宮第一クリニック,ﾇﾏﾂﾞｵｶﾉﾐﾔﾀﾞｲｲﾁｸﾘﾆｯｸ,,沼津市岡宮字洞畑991-1,,,,055-926-2260,,055-926-2261,,,,,,,,,,,,
222038,,静岡県,沼津市,沼津血管外科・形成クリニック,ﾇﾏﾂﾞｹｯｶﾝｹﾞｶ･ｹｲｾｲｸﾘﾆｯｸ,,沼津市通道町8-9　,マキヤ御成橋ビル3階,,,055-957-7770,,055-964-2308,,,,,,,,,,,,
222038,,静岡県,沼津市,沼津歯科,ﾇﾏﾂﾞｼｶ,,沼津市大手町5-9-1,,,,055-957-1031,,055-957-1032,,,,,,,,,,,,
222038,,静岡県,沼津市,沼津勝和クリニック,ﾇﾏﾂﾞｼｮｳﾜｸﾘﾆｯｸ,,沼津市米山町2-62,,,,055-924－2311,,055-924－2314,,,,,,,,,,,,
222038,,静岡県,沼津市,沼津整形外科医院,ﾇﾏﾂﾞｾｲｹｲｹﾞｶｲｲﾝ,,沼津市共栄町１１－３,,,,055-921-3791,,055-922-5515,,,,,,,,,,,,
222038,,静岡県,沼津市,沼津ひまわり眼科,ﾇﾏﾂﾞﾋﾏﾜﾘｶﾞﾝｶ,,沼津市東椎路字東荒301番地3　,ららぽーと沼津1階19020,,,055-943-5182,,055-943-5182,,,,,,,,,,,,
222038,,静岡県,沼津市,ぬまづホームケアクリニック,ﾇﾏﾂﾞﾎｰﾑｹｱｸﾘﾆｯｸ,,沼津市江原町1-40,,,,055-929-2050,,055-929-2051,,,,,,,,,,,,
222038,,静岡県,沼津市,沼津夜間救急医療センター,ﾇﾏﾂﾞﾔｶﾝｷｭｳｷｭｳｲﾘｮｳｾﾝﾀｰ,,沼津市日の出町１－１５,,,,055-926-8699,,055-926-2001,,,,,,,,,,,,
222038,,静岡県,沼津市,野口歯科医院,ﾉｸﾞﾁｼｶｲｲﾝ,,沼津市三枚橋町6-5,,,,055-963-0050(診),,055-963-0050(診),,,,,,,,,,,,
222038,,静岡県,沼津市,パートナー歯科,ﾊﾟｰﾄﾅｰｼｶ,,沼津市大岡１７１９－１ ,大岡シティープラザ１０１,,,055-951-1150,,055-963-7745,,,,,,,,,,,,
222038,,静岡県,沼津市,萩野クリニック,ﾊｷﾞﾉｸﾘﾆｯｸ,,沼津市根古屋３０７－１,,,,055-966－7111,,055-966－7112,,,,,,,,,,,,
222038,,静岡県,沼津市,羽切医院,ﾊｷﾞﾘｲｲﾝ,,沼津市西椎路１３８－１,,,,055-968－3111,,055-968－3110,,,,,,,,,,,,
222038,,静岡県,沼津市,羽切歯科医院,ﾊｷﾞﾘｼｶｲｲﾝ,,沼津市西沢田351,,,,055-923-4641,,055-923-4651,,,,,,,,,,,,
222038,,静岡県,沼津市,白十字小児科医院,ﾊｸｼﾞｭｳｼﾞｼｮｳﾆｶｲｲﾝ,,沼津市下香貫馬場４８８－１,,,,055-933-5111,,055-932-0077,,,,,,,,,,,,
222038,,静岡県,沼津市,長谷川歯科,ﾊｾｶﾞﾜｼｶ,,沼津市日の出町383-6,,,,055-923-8100,,055-923-8100,,,,,,,,,,,,
222038,,静岡県,沼津市,はせがわ歯科,ﾊｾｶﾞﾜｼｶ,,沼津市三枚橋日ノ出町383-8,,,,055-923-8100,,055-923-8100,,,,,,,,,,,,
222038,,静岡県,沼津市,はだクリニック,ﾊﾀﾞｸﾘﾆｯｸ,,沼津市大岡１７２８－２,,,,055-952-5779,,055-952-5779,,,,,,,,,,,,
222038,,静岡県,沼津市,林医院,ﾊﾔｼｲｲﾝ,,沼津市住吉町７－１５,,,,055-931－1120,,055-931－1159,,,,,,,,,,,,
222038,,静岡県,沼津市,林内科医院,ﾊﾔｼﾅｲｶｲｲﾝ,,沼津市千本郷林１９０７－５３,,,,055-951－3288,,055-951－3298,,,,,,,,,,,,
222038,,静岡県,沼津市,原歯科医院,ﾊﾗｼｶｲｲﾝ,,沼津市御幸町14-10,,,,055-931-0707,,055-931-0707,,,,,,,,,,,,
222038,,静岡県,沼津市,はら仙石医院,ﾊﾗｾﾝｺﾞｸｲｲﾝ,,沼津市原町中２-12-1,,,,055-967-2012,,055-967-2012,,,,,,,,,,,,
222038,,静岡県,沼津市,原田歯科医院,ﾊﾗﾀﾞｼｶｲｲﾝ,,沼津市大塚327-3,,,,055-967-5566,,055-967-5566,,,,,,,,,,,,
222038,,静岡県,沼津市,春の木第一クリニック,ﾊﾙﾉｷﾀﾞｲｲﾁｸﾘﾆｯｸ,,沼津市東椎路字春ノ木５２０－２,,,,055-929－8650,,055-929－8651,,,,,,,,,,,,
222038,,静岡県,沼津市,パル博愛歯科,ﾊﾟﾙﾊｸｱｲｼｶ,,沼津市末広町4,,,,055-962-0432,,055-962-0458,,,,,,,,,,,,
222038,,静岡県,沼津市,はんがい歯科医院,ﾊﾝｶﾞｲｼｶｲｲﾝ,,沼津市米山町２－７　,石原ビル１F,,,055-925-0003,,055-925-0004,,,,,,,,,,,,
222038,,静岡県,沼津市,ビクラス歯科医院,ﾋﾞｸﾗｽｼｶｲｲﾝ,,沼津市上香貫三貫地1234-2,,,,055-932-8211,,055-932-7062,,,,,,,,,,,,
222038,,静岡県,沼津市,一杉麻酔科クリニック,ﾋﾄｽｷﾞﾏｽｲｶｸﾘﾆｯｸ,,沼津市大塚５６－１,,,,055-966－0236,,055-966－0435,,,,,,,,,,,,
222038,,静岡県,沼津市,ひまわり歯科,ﾋﾏﾜﾘｼｶ,,沼津市中瀬町１０－１１,,,,055-933-0648,,055-933-0648,,,,,,,,,,,,
222038,,静岡県,沼津市,平原歯科クリニック,ﾋﾗﾊﾗｼｶｸﾘﾆｯｸ,,沼津市大岡517-4　,鈴福ビル１F,,,055-952-1101,,055-952-1102,,,,,,,,,,,,
222038,,静岡県,沼津市,ひろせ歯科クリニック,ﾋﾛｾｼｶｸﾘﾆｯｸ,,沼津市根古屋203-2,,,,055-967-6480,,055-967-6480,,,,,,,,,,,,
222038,,静岡県,沼津市,ひろメンタルクリニック,ﾋﾛﾒﾝﾀﾙｸﾘﾆｯｸ,,沼津市大手町5-11-3　,ラピュタービル２F,,,055-954-5155,,055-954-5156,,,,,,,,,,,,
222038,,静岡県,沼津市,ファミリー歯科,ﾌｧﾐﾘｰｼｶｲｲﾝ,,沼津市高島本町9-1,,,,055-920-6111,,055-920-6110,,,,,,,,,,,,
222038,,静岡県,沼津市,福士内科クリニック,ﾌｸｼﾅｲｶｸﾘﾆｯｸ,,沼津市下香貫藤井原１６１９－８,,,,055-932-3553,,055-932-3554,,,,,,,,,,,,
222038,,静岡県,沼津市,フジ高砂クリニック,ﾌｼﾞﾀｶｻｺﾞｸﾘﾆｯｸ,,沼津市高砂町２－５,,,,055-941-5684,,055-941-6134,,,,,,,,,,,,
222038,,静岡県,沼津市,ふじわらクリニック,ﾌｼﾞﾜﾗｸﾘﾆｯｸ,,沼津市寿町１８－８,,,,055-924-8777,,055-924-8788,,,,,,,,,,,,
222038,,静岡県,沼津市,芙蓉クリニック,ﾌﾖｳｸﾘﾆｯｸ,,沼津市本田町５－１０,,,,055-922-3177,,055-922-3177,,,,,,,,,,,,
222038,,静岡県,沼津市,ふるかわ歯科医院,ﾌﾙｶﾜｼｶｲｲﾝ,,沼津市根古屋１０５－８４,,,,055-943-7580,,055-943-7581,,,,,,,,,,,,
222038,,静岡県,沼津市,古屋歯科医院,ﾌﾙﾔｼｶｲｲﾝ,,沼津市下香貫藤井原1618-6,,,,055-933-4435,,055-933-4435,,,,,,,,,,,,
222038,,静岡県,沼津市,古屋小児科医院,ﾌﾙﾔｼｮｳﾆｶｲｲﾝ,,沼津市西条町１３４,,,,055-963－0407,,055-963－3353,,,,,,,,,,,,
222038,,静岡県,沼津市,ふれあい沼津クリニック,ﾌﾚｱｲﾇﾏﾂﾞｸﾘﾆｯｸ,,沼津市下一丁田878-2,,,,055-964-5070,,055-964-5071,,,,,,,,,,,,
222038,,静岡県,沼津市,フレア咬合治療室,ﾌﾚｱｺｳｺﾞｳﾁﾘｮｳｼﾂ,,沼津市高島町10-32-1F,,,,055-925-1181,,,,,,,,,,,,,,
222038,,静岡県,沼津市,へだ歯科クリニック,ﾍﾀﾞｼｶｸﾘﾆｯｸ,,沼津市戸田2769-1,,,,0558-94-2221,,0558-94-2221,,,,,,,,,,,,
222038,,静岡県,沼津市,べっく･メディカル･クリニック,ﾍﾞｯｸﾒﾃﾞｨｶﾙｸﾘﾆｯｸ,,沼津市西沢田３３８－１,,,,055-921-1300,,055-921-1351,,,,,,,,,,,,
222038,,静岡県,沼津市,ベル歯科医院,ﾍﾞﾙｼｶｲｲﾝ,,沼津市中沢田290-4,,,,055-924-8088,,055-924-5720,,,,,,,,,,,,
222038,,静岡県,沼津市,望星第一クリニック,ﾎﾞｳｾｲﾀﾞｲｲﾁｸﾘﾆｯｸ,,沼津市柳町３－１８,,,,055-922-0222,,055-922-3192,,,,,,,,,,,,
222038,,静岡県,沼津市,ほりうち矯正歯科クリニック,ﾎﾘｳﾁｷｮｳｾｲｼｶｸﾘﾆｯｸ,,沼津市西間門４４７－２,,,,055－952－0489,,055－952－0489,,,,,,,,,,,,
222038,,静岡県,沼津市,堀江歯科医院,ﾎﾘｴｼｶｲｲﾝ,,沼津市三園町2-11,,,,055-931-8181,,055-931-2433,,,,,,,,,,,,
222038,,静岡県,沼津市,本多眼科医院,ﾎﾝﾀﾞｶﾞﾝｶｲｲﾝ,,沼津市御幸町６－１４,,,,055-931-1519,,055-935-0406,,,,,,,,,,,,
222038,,静岡県,沼津市,本多眼科分院,ﾎﾝﾀﾞｶﾞﾝｶﾌﾞﾝｲﾝ,,沼津市大手町１－１－３,商連ビル9階,,,055-962-5670,,,,,,,,,,,,,,
222038,,静岡県,沼津市,本田さくら眼科,ﾎﾝﾀﾞｻｸﾗｶﾞﾝｶ,,沼津市大手町3-2-15　,YKビル1F,,,055-951-1365,,055-951-1383,,,,,,,,,,,,
222038,,静岡県,沼津市,増田医院,ﾏｽﾀﾞｲｲﾝ,,沼津市原１０７７,,,,055-966－3131,,055-966－8351,,,,,,,,,,,,
222038,,静岡県,沼津市,増田歯科医院,ﾏｽﾀﾞｼｶｲｲﾝ,,沼津市新町404,,,,055-962-0195,,055-962-0195,,,,,,,,,,,,
222038,,静岡県,沼津市,増田デンタルクリニック,ﾏｽﾀﾞﾃﾞﾝﾀﾙｸﾘﾆｯｸ,,沼津市大岡2437-1　,大岡駅前ビル１F,,,055-922-0705,,055-922-0705,,,,,,,,,,,,
222038,,静岡県,沼津市,増山歯科医院,ﾏｽﾔﾏｼｶｲｲﾝ,,沼津市添地町125,,,,055-962-2176,,055-962-2176,,,,,,,,,,,,
222038,,静岡県,沼津市,町田歯科クリニック,ﾏﾁﾀﾞｼｶｸﾘﾆｯｸ,,沼津市原720,,,,055-967-6062,,055-967-6062,,,,,,,,,,,,
222038,,静岡県,沼津市,松永歯科,ﾏﾂﾅｶﾞｼｶ,,沼津市八幡町2-2,,,,055-963-8814,,055-963-8814,,,,,,,,,,,,
222038,,静岡県,沼津市,松原医院,ﾏﾂﾊﾞﾗｲｲﾝ,,沼津市白銀町４－３,,,,055-962－1496,,055-962－1496,,,,,,,,,,,,
222038,,静岡県,沼津市,松本デンタルクリニック,ﾏﾂﾓﾄﾃﾞﾝﾀﾙｸﾘﾆｯｸ,,沼津市米山町2-3,,,,055-943-7350,,055-943-7351,,,,,,,,,,,,
222038,,静岡県,沼津市,まの心血管クリニック,ﾏﾉｼﾝｹｯｶﾝｸﾘﾆｯｸ,,沼津市下香貫塩満1869-1,,,,055-935-1515,,055-935-1516,,,,,,,,,,,,
222038,,静岡県,沼津市,みさき皮フ科クリニック,ﾐｻｷﾋﾌｶｸﾘﾆｯｸ,,沼津市西椎路88-1,,,,055-967－3636,,055-967－3637,,,,,,,,,,,,
222038,,静岡県,沼津市,三島耳鼻咽喉科クリニック,ﾐｼﾏｼﾞﾋﾞｲﾝｺｳｶｸﾘﾆｯｸ,,沼津市下香貫樋ノ口１７０６－１,,,,055-935-6681,,055-935-6682,,,,,,,,,,,,
222038,,静岡県,沼津市,光野歯科クリニック,ﾐﾂﾉｼｶｸﾘﾆｯｸ,,沼津市下香貫大久保2295-14,,,,055-934-0077,,055-934-0172,,,,,,,,,,,,
222038,,静岡県,沼津市,三津間歯科医院,ﾐﾂﾏｼｶｲｲﾝ,,沼津市大岡1756-33,,,,055-951-3777,,055-951-3778,,,,,,,,,,,,
222038,,静岡県,沼津市,みと歯科医院,ﾐﾄｼｶｲｲﾝ,,沼津市内浦長浜81-3,,,,055-941-3270,,,,,,,,,,,,,,
222038,,静岡県,沼津市,ミノベ歯科医院,ﾐﾉﾍﾞｼｶｲｲﾝ,,沼津市大手町3-3-2　,稲葉大手町ビル３F,,,055-951-0299,,055-951-0328,,,,,,,,,,,,
222038,,静岡県,沼津市,宮内歯科医院,ﾐﾔｳﾁｼｶｲｲﾝ,,沼津市中沢田466,,,,055-925-8217,,055-925-0538,,,,,,,,,,,,
222038,,静岡県,沼津市,三宅歯科医院,ﾐﾔｹｼｶｲｲﾝ,,沼津市玉江町7-35,,,,055-931-3967,,055-931-4005,,,,,,,,,,,,
222038,,静岡県,沼津市,武藤医院,ﾑﾄｳｲｲﾝ,,沼津市三園町１２－５,,,,055-931-0088,,055-931-9669,,,,,,,,,,,,
222038,,静岡県,沼津市,村岡内科クリニック,ﾑﾗｵｶﾅｲｶｸﾘﾆｯｸ,,沼津市大岡1066-3,フォレスト南大岡1階,,,055-954-2000,,055-952-6668,,,,,,,,,,,,
222038,,静岡県,沼津市,むらまつ歯科医院,ﾑﾗﾏﾂｼｶｲｲﾝ,,沼津市高沢町4-25,,,,055-926-4180,,055-926-4181,,,,,,,,,,,,
222038,,静岡県,沼津市,メディトピア沼津,ﾒﾃﾞｨﾄﾋﾟｱﾇﾏﾂﾞ,,沼津市岡一色５７５－１,,,,055-923-6600,,055-923-6606,,,,,,,,,,,,
222038,,静岡県,沼津市,メンタルクリニックあゆみ橋,メンタルクリニックｱﾕﾐﾊｼ,,沼津市大手町４丁目３－３５,,,,055-954-2727,,055-954-2729,,,,,,,,,,,,
222038,,静岡県,沼津市,もちづき眼科歯科,ﾓﾁﾂﾞｷｶﾞﾝｶｼｶ,,沼津市千本東町３３,,,,055-952－3888,,055-952－3588,,,,,,,,,,,,
222038,,静岡県,沼津市,望月歯科医院,ﾓﾁﾂﾞｷｼｶｲｲﾝ,,沼津市宮町457,,,,055-962-2717,,055-962-2717,,,,,,,,,,,,
222038,,静岡県,沼津市,もちづき歯科医院,ﾓﾁﾂﾞｷｼｶｲｲﾝ,,沼津市大塚871－5,,,,055-968-6200,,055-968-6200,,,,,,,,,,,,
222038,,静岡県,沼津市,望月内科医院,ﾓﾁﾂﾞｷﾅｲｶｲｲﾝ,,沼津市下香貫宮脇３３７－２９,,,,055-931－5362,,055-943－7787,,,,,,,,,,,,
222038,,静岡県,沼津市,本村クリニック,ﾓﾄﾑﾗｸﾘﾆｯｸ,,沼津市大塚８７０,,,,055-969-0001,,055-969-0002,,,,,,,,,,,,
222038,,静岡県,沼津市,森医院,ﾓﾘｲｲﾝ,,沼津市石川１６１,,,,055-966－2017,,055-967－3140,,,,,,,,,,,,
222038,,静岡県,沼津市,森岡医院,ﾓﾘｵｶｲｲﾝ,,沼津市大岡３５３,,,,055-962-1084,,055-955-7157,,,,,,,,,,,,
222038,,静岡県,沼津市,守重医院,ﾓﾘｼｹﾞｲｲﾝ,,沼津市我入道江川町１,,,,055-931-2511,,055-933-4302,,,,,,,,,,,,
222038,,静岡県,沼津市,モリシマ歯科医院,ﾓﾘｼﾏｼｶｲｲﾝ,,沼津市戸田2769-1,,,,0558-94-2221,,0558-94-2221,,,,,,,,,,,,
222038,,静岡県,沼津市,森田歯科医院,ﾓﾘﾀｼｶｲｲﾝ,,沼津市戸田1574-17,,,,0558-94-4187,,0558-94-4189,,,,,,,,,,,,
222038,,静岡県,沼津市,矢田眼科クリニック,ﾔﾀﾞｶﾞﾝｶｸﾘﾆｯｸ,,沼津市三枚橋町５－２０,,,,055-962-2006,,055-962-2009,,,,,,,,,,,,
222038,,静岡県,沼津市,矢田歯科医院,ﾔﾀﾞｼｶｲｲﾝ,,沼津市御幸町10-27,,,,055-931-0157,,055-931-0177,,,,,,,,,,,,
222038,,静岡県,沼津市,矢部歯科医院　香貫診療所,ﾔﾍﾞｼｶｲｲﾝｶﾇｷｼﾝﾘｮｳｼﾞｮ,,沼津市下香貫馬場487-6,,,,055-931-1991,,055-933-1870,,,,,,,,,,,,
222038,,静岡県,沼津市,山秋眼科医院,ﾔﾏｱｷｶﾞﾝｶｲｲﾝ,,沼津市筒井町１－５,,,,055-924－4680,,055-924－4680,,,,,,,,,,,,
222038,,静岡県,沼津市,山上外科医院,ﾔﾏｶﾞﾐｹﾞｶｲｲﾝ,,沼津市富士見町14-1,,,,055-921-1788,,055-921-3624,,,,,,,,,,,,
222038,,静岡県,沼津市,山田歯科医院,ﾔﾏﾀﾞｼｶｲｲﾝ,,沼津市戸田522,,,,0558-94-4618,,0558-94-4618,,,,,,,,,,,,
222038,,静岡県,沼津市,ヤマダデンタルオフィス,ﾔﾏﾀﾞﾃﾞﾝﾀﾙｵﾌｨｽ,,沼津市大手町1-1-3　,パレットビル９F,,,055-954-3322,,055-954-3322,,,,,,,,,,,,
222038,,静岡県,沼津市,山本胃腸科外科,ﾔﾏﾓﾄｲﾁｮｳｶｹﾞｶ,,沼津市神田町３－２１,,,,055-923-2680,,055-924-0377,,,,,,,,,,,,
222038,,静岡県,沼津市,山本矯正歯科,ﾔﾏﾓﾄｷｮｳｾｲｼｶ,,沼津市上土町43-2,,,,055-952-8741,,055-952-8741,,,,,,,,,,,,
222038,,静岡県,沼津市,山本歯科,ﾔﾏﾓﾄｼｶ,,沼津市上土町43-2,,,,055-962-5487,,055-962-6245,,,,,,,,,,,,
222038,,静岡県,沼津市,山谷内科医院,ﾔﾏﾔﾅｲｶ,,沼津市青野５４－４,,,,055-966-5333,,055-966-5333,,,,,,,,,,,,
222038,,静岡県,沼津市,ゆうあいクリニック,ﾕｳｱｲｸﾘﾆｯｸ,,沼津市西椎路１６４－１,,,,055-969-2777,,055-969-2776,,,,,,,,,,,,
222038,,静岡県,沼津市,ゆうひクリニック,ﾕｳﾋｸﾘﾆｯｸ,,沼津市岡宮1277-51　,フレミアこがね西棟１階,,,080-6387-7107,,,,,,,,,,,,,,
222038,,静岡県,沼津市,幸歯科医院,ﾕｷｼｶｲｲﾝ,,沼津市下香貫宮脇314-3,,,,055-933-8143,,055-933-8143,,,,,,,,,,,,
222038,,静岡県,沼津市,よざ小児科医院,ﾖｻﾞｼｮｳﾆｶｲｲﾝ,,沼津市原１７８８－５,,,,055-967-5722,,055-969-0286,,,,,,,,,,,,
222038,,静岡県,沼津市,米山町クリニック,ﾖﾈﾔﾏﾁｮｳｸﾘﾆｯｸ,,沼津市米山町１２－３０,,,,055-943-6600,,055-943-6661,,,,,,,,,,,,
222038,,静岡県,沼津市,ライオン歯科,ﾗｲｵﾝｼｶ,,沼津市共栄町20-6,,,,055-927-2700,,055-927-2701,,,,,,,,,,,,
222038,,静岡県,沼津市,れいこ歯科,ﾚｲｺｼｶ,,沼津市高沢町９－１９,,,,055-923-8388,,055-923-8388,,,,,,,,,,,,
222038,,静岡県,沼津市,ワールド歯科,ﾜｰﾙﾄﾞｼｶ,,沼津市根古屋字赤池105-84,,,,055-967-4182,,,,,,,,,,,,,,
222038,,静岡県,沼津市,わかばやし耳鼻咽喉科クリニック,ﾜｶﾊﾞﾔｼｼﾞﾋﾞｲﾝｺｳｳｶｸﾘﾆｯｸ,,沼津市御幸町5-26,,,,055-933-3311,,055-933-3301,,,,,,,,,,,,
222038,,静岡県,沼津市,わたなべ歯科医院,ﾜﾀﾅﾍﾞｼｶｲｲﾝ,,沼津市志下430-1,,,,055-931-5445,,055-932-4602,,,,,,,,,,,,
222038,,静岡県,沼津市,渡辺歯科医院,ﾜﾀﾅﾍﾞｼｶｲｲﾝ,,沼津市花園町5-3,,,,055-921-0541,,055-921-0541,,,,,,,,,,,,
222038,,静岡県,沼津市,わたなべ歯科クリニック,ﾜﾀﾅﾍﾞｼｶｸﾘﾆｯｸ,,沼津市松長７８０－１,,,,055-968-1700,,055-968-1701,,,,,,,,,,,,
222038,,静岡県,沼津市,わたり歯科医院,ﾜﾀﾘｼｶｲｲﾝ,,沼津市大岡3809-5,,,,055-923-1902,,055-989-3581,,,,,,,,,,,,
