都道府県コード又は市区町村コード,NO,都道府県名,市区町村名,名称,名称_カナ,名称_通称,名称_英語,文化財分類,種類,場所名称,住所,方書,緯度,経度,電話番号,内線番号,員数（数）,員数（単位）,法人番号,所有者等,文化財指定日,利用可能曜日,開始時間,終了時間,利用可能日時特記事項,画像,画像_ライセンス,概要,概要_英語,説明,説明_英語,URL,備考
222038,1,静岡県,沼津市,太刀　銘一,タチ　メイイチ,,,国宝,美術工芸品,佐野美術館,静岡県三島市中田町1-43,,35.114799,138.91629,,,,,,,1952/11/22,,,,,,,,,,,,
222038,2,静岡県,沼津市,松城家住宅７棟,マツシロケジュウタクナナトウ,,,重要文化財,建造物,沼津市戸田,静岡県沼津市戸田72,,34.975832,138.777725,,,,,,,2006/7/5,,,,,,,,,,,,
222038,3,静岡県,沼津市,紙本著色山王靈驗記,シホンチャクショクサンノウレイゲンキ,,,重要文化財,美術工芸品,東京国立博物館,東京都台東区上野公園13-9,,35.717556,139.775543,,,,,,,1950/8/29,,,,,,,,,,,,
222038,4,静岡県,沼津市,太刀　銘眞長　附絲巻太刀拵,タチ　メイサネナガ,,,重要文化財,美術工芸品,佐野美術館,静岡県三島市中田町1-43,,35.114799,138.91629,,,,,,,1954/3/20,,,,,,,,,,,,
222038,5,静岡県,沼津市,沈金獅子牡丹文長覆輪太刀拵,チンキンシシボタンモンナガフクリンタチコシラエ,,,重要文化財,美術工芸品,佐野美術館,静岡県三島市中田町1-43,,35.114799,138.91629,,,,,,,1954/3/20,,,,,,,,,,,,
222038,6,静岡県,沼津市,金銅聖観音像懸仏,コンドウショウカンノンゾウカケボトケ,,,重要文化財,美術工芸品,沼津市千本常盤町,,,,,,,,,,,1964/5/26,,,,,,,,,,,,
222038,7,静岡県,沼津市,宝物集巻第一　附原表紙,ホウブツシュウカンダイイチ　ツケタリ　ゲンヒョウシ　,,,重要文化財,美術工芸品,光長寺,静岡県沼津市岡宮1055,,35.127789,138.874512,,,,,,,1994/6/28,,,,,,,,,,,,
222038,8,静岡県,沼津市,短刀銘備中国住守次作　延文二年八月日,タントウメイビッチュウノクニノジュウモリツグサク　エンブンニネンハチガツヒ,,,重要文化財,美術工芸品,沼津市大岡,静岡県沼津市大岡,,,,,,,,,,1952/7/19,,,,,,,,,,,,
222038,9,静岡県,沼津市,沼津内浦・静浦及び周辺地域の漁撈用具,ヌマヅウチウラ・シズウラオヨビシュウヘンチイキノギョロウヨウグ,,,重要有形民俗文化財,,歴史民俗資料館,静岡県沼津市下香貫島郷2802-1(沼津御用邸記念公園内),,35.072107,138.87238,,,,,,,2010/3/11,,,,,,,,,,,,
222038,10,静岡県,沼津市,休場遺跡,ヤスミバイセキ,,,史跡,,沼津市宮本字元野ほか,静岡県沼津市足高441,,35.178799,138.842804,,,,,,,1979/1/24,,,,,,,,,,,,
222038,11,静岡県,沼津市,長浜城跡,ナガハマジョウアト,,,史跡,,沼津市内浦長浜ほか,静岡県沼津市内浦重須1-1,,35.017751,138.888313,,,,,,,1988/5/13,,,,,,,,,,,,
222038,12,静岡県,沼津市,興国寺城跡,コウコウジジョウアト,,,史跡,,沼津市根古屋字古城ほか,静岡県沼津市根古屋字赤池126-3ほか,,35.138733,138.806412,,,,,,,1995/3/17,,,,,,,,,,,,
222038,13,静岡県,沼津市,旧沼津御用邸苑地,キュウヌマヅゴヨウテイエンチ,,,名勝,,沼津市下香貫,静岡県沼津市下香貫島郷2802-1ほか,,35.072107,138.87238,,,,,,,2016/10/3,,,,,,,,,,,,
222038,14,静岡県,沼津市,大瀬崎のビャクシン樹林,オセザキノビャクシンジュリン,,,天然記念物,,沼津市西浦江梨,静岡県沼津市西浦江梨字大瀬331-1ほか,,35.030275,138.78818,,,,,,,1932/7/25,,,,,,,,,,,,
222038,15,静岡県,沼津市,白隠自画像,ハクインジガゾウ,,,県指定文化財,絵画,松蔭寺,静岡県沼津市原128,,35.123398,138.800125,,,,,,,1968/7/2,,,,,,,,,,,,
222038,16,静岡県,沼津市,槍　名物蜻蛉切,ﾔﾘ ﾒｲﾌﾞﾂ ﾄﾝﾎﾞｷﾞﾘ,,,県指定文化財,工芸品,佐野美術館,静岡県三島市中田町1-43,,35.114799,138.91629,,,,,,,1955/2/25,,,,,,,,,,,,
222038,17,静岡県,沼津市,太刀　銘景則,ﾀﾁ ﾒｲ ｶｹﾞﾉﾘ,,,県指定文化財,工芸品,佐野美術館,静岡県三島市中田町1-43,,35.114799,138.91629,,,,,,,1955/4/19,,,,,,,,,,,,
222038,18,静岡県,沼津市,太刀　銘備州長船住近景,ﾀﾁ ﾒｲ ﾋﾞｾﾞﾝｵｻﾌﾈｼﾞｭｳﾁｶｶｹﾞ,,,県指定文化財,工芸品,佐野美術館,静岡県三島市中田町1-43,,35.114799,138.91629,,,,,,,1955/4/19,,,,,,,,,,,,
222038,19,静岡県,沼津市,太刀　銘了戒,ﾀﾁ ﾒｲ ﾘｮｳｶｲ,,,県指定文化財,工芸品,佐野美術館,静岡県三島市中田町1-43,,35.114799,138.91629,,,,,,,1955/4/19,,,,,,,,,,,,
222038,20,静岡県,沼津市,刀　銘津田越前守助廣,ｶﾀﾅ ﾒｲ ﾂﾀﾞｴﾁｾﾞﾝﾉｶﾐｽｹﾋﾛ,,,県指定文化財,工芸品,佐野美術館,静岡県三島市中田町1-43,,35.114799,138.91629,,,,,,,1955/4/19,,,,,,,,,,,,
222038,21,静岡県,沼津市,短刀　銘信國　倶利迦羅透彫,ﾀﾝﾄｳ ﾒｲﾉﾌﾞｸﾆ ｸﾘｶﾗｽｶｼﾎﾞﾘ,,,県指定文化財,工芸品,佐野美術館,静岡県三島市中田町1-43,,35.114799,138.91629,,,,,,,1957/5/13,,,,,,,,,,,,
222038,22,静岡県,沼津市,梵鐘,ﾎﾞﾝｼｮｳ,,,県指定文化財,工芸品,霊山寺,静岡県沼津市本郷町25-37,,35.093925,138.870453,,,,,,,1956/10/17,,,,,,,,,,,,
222038,23,静岡県,沼津市,科註妙法蓮華経,ｶﾁｭｳﾐｮｳﾎｳﾚﾝｹﾞｷｮｳ,,,県指定文化財,典籍,松蔭寺,静岡県沼津市原128,,35.123398,138.800125,,,,,,,1955/4/19,,,,,,,,,,,,
222038,24,静岡県,沼津市,"法門聴聞集
附連々聴聞集
日弁消息
日意筆法門聴聞集表題並びに奥書",ﾎｳﾓﾝﾁｮｳﾓﾝｼｭｳ/ﾂｹﾀﾘ ﾚﾝﾚﾝﾁｮｳﾓﾝｼｭｳ/ﾆﾁﾍﾞﾝｼｮｳｿｸ/ﾆﾁｲﾋﾂ ﾎｳﾓﾝﾁｮｳﾓﾝｼｭｳﾋｮｳﾀﾞｲ ﾅﾗﾋﾞﾆ ｵｸｶﾞｷ,,,県指定文化財,古文書,光長寺,静岡県沼津市岡宮1055,,35.127789,138.874512,,,,,,,1994/3/25,,,,,,,,,,,,
222038,25,静岡県,沼津市,玉砥石,タマトイシ,,,県指定文化財,考古資料,沼津市平町,,,,,,,,,,,1956/5/24,,,,,,,,,,,,
222038,26,静岡県,沼津市,蔵骨器,ｿﾞｳｺﾂｷ,,,県指定文化財,考古資料,霊山寺,静岡県沼津市本郷町25-37,,35.093925,138.870453,,,,,,,1956/10/17,,,,,,,,,,,,
222038,27,静岡県,沼津市,子持勾玉　附臼玉他滑石製模造品,ｺﾓﾁﾏｶﾞﾀﾏ ﾂｹﾀﾘｳｽﾀﾞﾏﾎｶ ｶｯｾｷｾｲﾓｿﾞｳﾋﾝ,,,県指定文化財,考古資料,歴史民俗資料館,静岡県沼津市下香貫島郷2802-1(沼津御用邸記念公園内),,35.072107,138.87238,,,,,,,1958/9/2,,,,,,,,,,,,
222038,28,静岡県,沼津市,植出北II遺跡出土ガラス勾玉鎔笵　4点,ウエダシキタニイセキシュツドガラスマガタマヨウハン　４テン,,,県指定文化財,考古資料,沼津市文化財センター,静岡県沼津市志下530,,35.063864,138.88367,,,,,,,2020/12/8,,,,,,,,,,,,
222038,29,静岡県,沼津市,繍字法華経　附１幅,ｼｭｳｼﾞﾎｹｷｮｳ ﾂｹﾀﾘｲｯﾌﾟｸ,,,県指定文化財,歴史資料,光長寺,静岡県沼津市岡宮1055,,35.127789,138.874512,,,,,,,1996/11/18,,,,,,,,,,,,
222038,30,静岡県,沼津市,大瀬神社奉納漁船模型,ｵｾｼﾞﾝｼﾞｬﾎｳﾉｳｷﾞｮｾﾝﾓｹｲ,,,県指定文化財,有形民俗,大瀬神社,静岡県沼津市西浦江梨329,,35.027328,138.786255,,,,,,,1981/10/23,,,,,,,,,,,,
222038,31,静岡県,沼津市,浮島沼周辺の農耕生産用具,ｳｷｼﾏﾇﾏｼｭｳﾍﾝﾉﾉｳｺｳｾｲｻﾝﾖｳｸﾞ,,,県指定文化財,有形民俗,歴史民俗資料館,静岡県沼津市下香貫島郷2802-1(沼津御用邸記念公園内),,35.072107,138.87238,,,,,,,1990/3/20,,,,,,,,,,,,
222038,32,静岡県,沼津市,戸田の漁師踊・漁師唄,ﾍﾀﾞﾉﾘｮｳｼｵﾄﾞﾘ･ﾘｮｳｼｳﾀ,,,県指定文化財,無形民俗,沼津市戸田,,,,,,,,,,,1979/11/19,,,,,,,,,,,,
222038,33,静岡県,沼津市,江浦の水祝儀,ｴﾉｳﾗﾉﾐｽﾞｼｭｳｷﾞ,,,県指定文化財,無形民俗,沼津市江浦,,,,,,,,,,,1999/3/15,,,,,,,,,,,,
222038,34,静岡県,沼津市,白隠禅師墓,ﾊｸｲﾝｾﾞﾝｼﾞﾊｶ,,,県指定文化財,史跡,松蔭寺,静岡県沼津市原128,,35.123398,138.800125,,,,,,,1954/1/30,,,,,,,,,,,,
222038,35,静岡県,沼津市,江浦横穴群,ｴﾉｳﾗｵｳｹﾂｸﾞﾝ,,,県指定文化財,史跡,沼津市江浦,,,,,,,,,,,1977/3/18,,,,,,,,,,,,
222038,36,静岡県,沼津市,"洋式帆船建造地及びプチャーチン宿所
　附関係遺品一括",ﾖｳｼｷﾊﾝｾﾝｹﾝｿﾞｳﾁｵﾖﾋﾞﾌﾟﾁｬｰﾁﾝｼｭｸｼｮ ﾂｹﾀﾘｶﾝｹｲｲﾋﾝｲｯｶﾂ,,,県指定文化財,史跡,宝泉寺,静岡県沼津市戸田449,,34.968887,138.781191,,,,,,,1967/10/11,,,,,,,,,,,,
222038,37,静岡県,沼津市,井田松江古墳群,ｲﾀｽﾝｺﾞｳｺﾌﾝｸﾞﾝ,,,県指定文化財,史跡,沼津市井田,,,,,,,,,,,1995/3/20,,,,,,,,,,,,
222038,38,静岡県,沼津市,長塚古墳,ﾅｶﾞﾂｶｺﾌﾝ,,,県指定文化財,史跡,沼津市東沢田,,,,,,,,,,,1999/11/16,,,,,,,,,,,,
222038,39,静岡県,沼津市,岡宮浅間神社のクス,ｵｶﾉﾐﾔｾﾝｹﾞﾝｼﾞﾝｼﾞｬﾉｸｽ,,,県指定文化財,天然記念物,岡宮浅間神社,静岡県沼津市岡宮285,,35.123928,138.87294,,,,,,,1969/5/30,,,,,,,,,,,,
222038,40,静岡県,沼津市,御浜岬のイヌマキ群生地,ﾐﾊﾏﾐｻｷﾉｲﾇﾏｷｸﾞﾝｾｲﾁ,,,県指定文化財,天然記念物,沼津市戸田,,,,,,,,,,,1980/11/28,,,,,,,,,,,,
222038,41,静岡県,沼津市,鮎壺の滝,ｱﾕﾂﾎﾞﾉﾀｷ,,,県指定文化財,天然記念物,沼津市大岡ほか,,,,,,,,,,,1996/3/12,,,,,,,,,,,,
222038,42,静岡県,沼津市,河内の大スギ,ｺｳﾁﾉｵｵｽｷﾞ,,,県指定文化財,天然記念物,沼津市西浦河内,,,,,,,,,,,2002/3/22,,,,,,,,,,,,
222038,43,静岡県,沼津市,禅長寺頼政堂,ｾﾞﾝﾁｮｳｼﾞ ﾖﾘﾏｻﾄﾞｳ,,,市指定文化財,建造物,禅長寺,静岡県沼津市西浦河内396-2,,35.001204,138.861507,,,,,,,2000/3/31,,,,,,,,,,,,
222038,44,静岡県,沼津市,赤野観音堂,ｱｹﾉｶﾝﾉﾝﾄﾞｳ,,,市指定文化財,建造物,赤野観音堂,静岡県沼津市柳沢字赤野544,,35.151066,138.82074,,,,,,,2000/3/31,,,,,,,,,,,,
222038,45,静岡県,沼津市,大川家長屋門,ｵｵｶﾜｹ ﾅｶﾞﾔﾓﾝ,,,市指定文化財,建造物,沼津市内浦長浜,,,,,,,,,,,2008/1/17,,,,,,,,,,,,
222038,46,静岡県,沼津市,涅槃図,ﾈﾊﾝｽﾞ,,,市指定文化財,絵画,妙海寺,静岡県沼津市下河原町466-1,,35.091129,138.856812,,,,,,,2009/3/30,,,,,,,,,,,,
222038,47,静岡県,沼津市,木造十一面観世音菩薩立像,ﾓｸｿﾞｳｼﾞｭｳｲﾁﾒﾝｶﾝｾﾞｵﾝﾎﾞｻﾂﾘｭｳｿﾞｳ,,,市指定文化財,彫刻,廣大寺,静岡県沼津市柳沢702,,35.143764,138.821198,,,,,,,1972/12/14,,,,,,,,,,,,
222038,48,静岡県,沼津市,木造阿弥陀如来三尊立像,ﾓｸｿﾞｳｱﾐﾀﾞﾆｮﾗｲｻﾝｿﾞﾝﾘｭｳｿﾞｳ,,,市指定文化財,彫刻,西光寺,静岡県沼津市本字宮町437,,35.09317,138.856079,,,,,,,1972/12/14,,,,,,,,,,,,
222038,49,静岡県,沼津市,木造盧舎那仏坐像,ﾓｸｿﾞｳ ﾙｼｬﾅﾌﾞﾂｻﾞｿﾞｳ,,,市指定文化財,彫刻,慈光院,静岡県沼津市市道町17-3,,35.098383,138.850096,,,,,,,1972/12/14,,,,,,,,,,,,
222038,50,静岡県,沼津市,木造地蔵菩薩坐像,ﾓｸｿﾞｳ ｼﾞｿﾞｳﾎﾞｻﾂｻﾞｿﾞｳ,,,市指定文化財,彫刻,三明寺,静岡県沼津市大岡4051,,35.129892,138.881677,,,,,,,1975/5/8,,,,,,,,,,,,
222038,51,静岡県,沼津市,木造伝月光菩薩立像,ﾓｸｿﾞｳ ﾃﾞﾝ ｶﾞｯｺｳﾎﾞｻﾂﾘｭｳｿﾞｳ,,,市指定文化財,彫刻,歴史民俗資料館,静岡県沼津市下香貫島郷2802-1(沼津御用邸記念公園内),,35.072107,138.87238,,,,,,,1975/5/8,,,,,,,,,,,,
222038,52,静岡県,沼津市,木造観世音菩薩立像,ﾓｸｿﾞｳ ｶﾝｾﾞｵﾝﾎﾞｻﾂﾘｭｳｿﾞｳ,,,市指定文化財,彫刻,徳楽寺,沼津市大平1241-1,,35.06726,138.901745,,,,,,,1975/5/8,,,,,,,,,,,,
222038,53,静岡県,沼津市,木造阿弥陀如来立像,ﾓｸｿﾞｳ ｱﾐﾀﾞﾆｮﾗｲﾘｭｳｿﾞｳ,,,市指定文化財,彫刻,禅長寺,静岡県沼津市西浦河内396-2,,35.001204,138.861507,,,,,,,1975/5/8,,,,,,,,,,,,
222038,54,静岡県,沼津市,木造金剛力士像　阿形･吽形,ﾓｸｿﾞｳ ｺﾝｺﾞｳﾘｷｼｿﾞｳ ｱｷﾞｮｳ･ｳﾝｷﾞｮｳ,,,市指定文化財,彫刻,光長寺,静岡県沼津市岡宮1055,,35.127789,138.874512,,,,,,,1975/5/8,,,,,,,,,,,,
222038,55,静岡県,沼津市,木造釈迦如来坐像,ﾓｸｿﾞｳ ｼｬｶﾆｮﾗｲｻﾞｿﾞｳ,,,市指定文化財,彫刻,妙海寺,静岡県沼津市下河原町466-1,,35.091129,138.856812,,,,,,,1975/5/8,,,,,,,,,,,,
222038,56,静岡県,沼津市,木造観世音菩薩立像,ﾓｸｿﾞｳ ｶﾝｾﾞｵﾝﾎﾞｻﾂﾘｭｳｿﾞｳ,,,市指定文化財,彫刻,龍音寺,静岡県沼津市大平2852,,35.067356,138.913147,,,,,,,1980/5/15,,,,,,,,,,,,
222038,57,静岡県,沼津市,木造白隠禅師坐像,ﾓｸｿﾞｳﾊｸｲﾝｾﾞﾝｼﾞｻﾞｿﾞｳ,,,市指定文化財,彫刻,松蔭寺,静岡県沼津市原128,,35.123398,138.800125,,,,,,,2017/3/28,,,,,,,,,,,,
222038,58,静岡県,沼津市,千手観音像懸仏,ｾﾝｼﾞｭｶﾝﾉﾝｿﾞｳｶｹﾎﾞﾄｹ,,,市指定文化財,工芸品,禅長寺,静岡県沼津市西浦河内396-2,,35.001204,138.861507,,,,,,,2003/1/31,,,,,,,,,,,,
222038,59,静岡県,沼津市,大日如来像懸仏,ﾀﾞｲﾆﾁﾆｮﾗｲｿﾞｳｶｹﾎﾞﾄｹ,,,市指定文化財,工芸品,禅長寺,静岡県沼津市西浦河内396-2,,35.001204,138.861507,,,,,,,2003/1/31,,,,,,,,,,,,
222038,60,静岡県,沼津市,諸口神社の鰐口,ﾓﾛｸﾁｼﾞﾝｼﾞｬﾉﾜﾆｸﾞﾁ,,,市指定文化財,工芸品,造船郷土資料博物館,静岡県沼津市戸田2710-1,,34.976729,138.766176,,,,,,,2006/3/28,,,,,,,,,,,,
222038,61,静岡県,沼津市,京極為兼卿書状,ｷｮｳｺﾞｸﾀﾒｶﾈｷｮｳｼｮｼﾞｮｳ,,,市指定文化財,書跡,日枝神社,静岡県沼津市平町7-24,,35.100449,138.868759,,,,,,,1985/2/21,,,,,,,,,,,,
222038,62,静岡県,沼津市,今川氏親生母伊勢氏寺領寄進状,ｲﾏｶﾞﾜｳｼﾞﾁｶｾｲﾎﾞ ｲｾｼｼﾞﾘｮｳ ｷｼﾝｼﾞｮｳ,,,市指定文化財,古文書,西光寺,静岡県沼津市本字宮町437,,35.09317,138.856079,,,,,,,1972/12/14,,,,,,,,,,,,
222038,63,静岡県,沼津市,今川氏親生母伊勢氏寄進寺領書立,ｲﾏｶﾞﾜｳｼﾞﾁｶｾｲﾎﾞ ｲｾｼｷｼﾝｼﾞﾘｮｳ ｶｷﾀﾃ,,,市指定文化財,古文書,西光寺,静岡県沼津市本字宮町437,,35.09317,138.856079,,,,,,,1972/12/14,,,,,,,,,,,,
222038,64,静岡県,沼津市,今川氏親棟別役免除朱印状,ｲﾏｶﾞﾜｳｼﾞﾁｶ ﾑﾅﾍﾞﾁｴｷﾒﾝｼﾞｮ ｼｭｲﾝｼﾞｮｳ,,,市指定文化財,古文書,西光寺,静岡県沼津市本字宮町437,,35.09317,138.856079,,,,,,,1972/12/14,,,,,,,,,,,,
222038,65,静岡県,沼津市,獅子浜植松家戦国文書,ｼｼﾊﾏｳｴﾏﾂｹｾﾝｺﾞｸﾓﾝｼﾞｮ,,,市指定文化財,古文書,明治史料館,静岡県沼津市西熊堂372-1,,35.121746,138.858871,,,,,,,2011/2/8,,,,,,,,,,,,
222038,66,静岡県,沼津市,休場遺跡出土細石器,ﾔｽﾐﾊﾞｲｾｷｼｭﾂﾄﾞｻｲｾｯｷ,,,市指定文化財,考古資料,沼津市文化財センター,静岡県沼津市志下530,,35.063864,138.88367,,,,,,,1983/12/15,,,,,,,,,,,,
222038,67,静岡県,沼津市,軒通遺跡出土壺形土器,ﾉｷﾄﾞｵﾘｲｾｷｼｭﾂﾄﾞ ﾂﾎﾞｶﾞﾀﾄﾞｷ,,,市指定文化財,考古資料,沼津市文化財センター,静岡県沼津市志下530,,35.063864,138.88367,,,,,,,1983/12/15,,,,,,,,,,,,
222038,68,静岡県,沼津市,三角縁神獣鏡,ｻﾝｶｸﾌﾞﾁｼﾝｼﾞｭｳｷｮｳ,,,市指定文化財,考古資料,大中寺,静岡県沼津市中沢田457,,35.122616,138.853605,,,,,,,2008/1/17,,,,,,,,,,,,
222038,69,静岡県,沼津市,輿地航海図,ﾖﾁ ｺｳｶｲｽﾞ,,,市指定文化財,歴史資料,明治史料館,静岡県沼津市西熊堂372-1,,35.121746,138.858871,,,,,,,1984/4/19,,,,,,,,,,,,
222038,70,静岡県,沼津市,大平村絵図,ｵｵﾋﾗﾑﾗｴｽﾞ,,,市指定文化財,歴史資料,桃源院,静岡県沼津市大平677,,35.073615,138.894031,,,,,,,1990/3/29,,,,,,,,,,,,
222038,71,静岡県,沼津市,三枚橋絵図,ｻﾝﾏｲﾊﾞｼｴｽﾞ,,,市指定文化財,歴史資料,歴史民俗資料館,静岡県沼津市下香貫島郷2802-1(沼津御用邸記念公園内),,35.072107,138.87238,,,,,,,1990/3/29,,,,,,,,,,,,
222038,72,静岡県,沼津市,沼津宿絵図,ﾇﾏﾂﾞｼｭｸｴｽﾞ,,,市指定文化財,歴史資料,歴史民俗資料館,静岡県沼津市下香貫島郷2802-1(沼津御用邸記念公園内),,35.072107,138.87238,,,,,,,1990/3/29,,,,,,,,,,,,
222038,73,静岡県,沼津市,本町絵図,ﾎﾝﾁｮｳｴｽﾞ,,,市指定文化財,歴史資料,歴史民俗資料館,静岡県沼津市下香貫島郷2802-1(沼津御用邸記念公園内),,35.072107,138.87238,,,,,,,1990/3/29,,,,,,,,,,,,
222038,74,静岡県,沼津市,上香貫絵図,ｶﾐｶﾇｷｴｽﾞ,,,市指定文化財,歴史資料,歴史民俗資料館,静岡県沼津市下香貫島郷2802-1(沼津御用邸記念公園内),,35.072107,138.87238,,,,,,,1990/3/29,,,,,,,,,,,,
222038,75,静岡県,沼津市,井田の不動明王像,ｲﾀﾉﾌﾄﾞｳﾐｮｳｵｳｿﾞｳ,,,市指定文化財,歴史資料,沼津市井田,,,,,,,,,,,2006/3/28,,,,,,,,,,,,
222038,76,静岡県,沼津市,ディアナ号の錨,ﾃﾞｨｱﾅｺﾞｳﾉｲｶﾘ,,,市指定文化財,歴史資料,沼津市戸田,沼津市戸田2710-1,,34.976729,138.766176,,,,,,,2006/3/28,,,,,,,,,,,,
222038,77,静岡県,沼津市,神明塚古墳,ｼﾝﾒｲﾂﾞｶｺﾌﾝ,,,市指定文化財,史跡,沼津市松長,,,,,,,,,,,1970/2/19,,,,,,,,,,,,
222038,78,静岡県,沼津市,子ノ神古墳,ﾈﾉｶﾐｺﾌﾝ,,,市指定文化財,史跡,沼津市西沢田,,,,,,,,,,,1970/2/19,,,,,,,,,,,,
222038,79,静岡県,沼津市,日吉廃寺塔址及び礎石,ﾋﾖｼﾊｲｼﾞﾄｳｱﾄｵﾖﾋﾞｿｾｷ,,,市指定文化財,史跡,沼津市大岡,,,,,,,,,,,1970/2/19,,,,,,,,,,,,
222038,80,静岡県,沼津市,霊山寺変形宝篋印塔,ﾘｮｳｾﾞﾝｼﾞ ﾍﾝｹｲﾎｳｷｮｳｲﾝﾄｳ,,,市指定文化財,史跡,霊山寺,静岡県沼津市本郷町25-37,,35.093925,138.870453,,,,,,,1970/2/19,,,,,,,,,,,,
222038,81,静岡県,沼津市,霊山寺五輪塔,ﾘｮｳｾﾞﾝｼﾞ ｺﾞﾘﾝﾄｳ,,,市指定文化財,史跡,霊山寺,静岡県沼津市本郷町25-37,,35.093925,138.870453,,,,,,,1970/2/19,,,,,,,,,,,,
222038,82,静岡県,沼津市,伝阿野全成・時元墓,ﾃﾞﾝ ｱﾉｾﾞﾝｼﾞｮｳ･ﾄｷﾓﾄ ﾊｶ,,,市指定文化財,史跡,大泉寺,静岡県沼津市井出744,,35.142879,138.7957,,,,,,,1983/6/15,,,,,,,,,,,,
222038,83,静岡県,沼津市,日露交渉地跡大行寺,ﾆﾁﾛｺｳｼｮｳﾁｱﾄ ﾀﾞｲｷﾞｮｳｼﾞ,,,市指定文化財,史跡,大行寺,静岡県沼津市戸田926,,34.975364,138.780338,,,,,,,2006/3/28,,,,,,,,,,,,
222038,84,静岡県,沼津市,久連神社社叢,ｸｽﾞﾗｼﾞﾝｼﾞｬ ｼｬｿｳ,,,市指定文化財,天然記念物,久連神社,沼津市西浦久連1,,35.021522,138.868872,,,,,,,1977/12/22,,,,,,,,,,,,
222038,85,静岡県,沼津市,赤野観音堂のカヤ,ｱｹﾉｶﾝﾉﾝﾄﾞｳﾉｶﾔ,,,市指定文化財,天然記念物,赤野観音堂,静岡県沼津市柳沢字赤野544,,35.151066,138.82074,,,,,,,1977/12/22,,,,,,,,,,,,
222038,86,静岡県,沼津市,河内の稲荷スギ,ｺｳﾁﾉｲﾅﾘｽｷﾞ,,,市指定文化財,天然記念物,沼津市西浦河内,,,,,,,,,,,2003/1/31,,,,,,,,,,,,
222038,87,静岡県,沼津市,部田神社のコブ付大クス,ﾍﾀﾞｼﾞﾝｼﾞｬﾉｺﾌﾞﾂｷｵｵｸｽ,,,市指定文化財,天然記念物,部田神社,静岡県沼津市戸田1585,,34.97059,138.792171,,,,,,,2006/3/28,,,,,,,,,,,,
222038,88,静岡県,沼津市,光長寺御宝蔵,ｺｳﾁｮｳｼﾞ ｺﾞﾎｳｿﾞｳ,,,国登録有形文化財,建造物,光長寺,静岡県沼津市岡宮1055,,35.127789,138.874512,,,,,,,2000/2/15,,,,,,,,,,,,
222038,89,静岡県,沼津市,大中寺恩香殿,ダイチュウジオンコウデン,,,国登録有形文化財,建造物,大中寺,静岡県沼津市中沢田457,,35.122616,138.853605,,,,,,,2000/4/28,,,,,,,,,,,,
222038,90,静岡県,沼津市,大中寺通玄橋,ダイチュウジチュウジツウゲンキョウ,,,国登録有形文化財,建造物,大中寺,静岡県沼津市中沢田457,,35.122616,138.853605,,,,,,,2000/4/28,,,,,,,,,,,,
222038,91,静岡県,沼津市,安田屋旅館松棟,ヤスダヤリョカンマツトウ,,,国登録有形文化財,建造物,安田屋旅館,静岡県沼津市内浦三津19,,35.019702,138.899235,,,,,,,2000/4/28,,,,,,,,,,,,
222038,92,静岡県,沼津市,安田屋旅館月棟,ヤスダヤリョカンツキトウ,,,国登録有形文化財,建造物,安田屋旅館,静岡県沼津市内浦三津19,,35.019702,138.899235,,,,,,,2000/4/28,,,,,,,,,,,,
222038,93,静岡県,沼津市,沼津倶楽部北棟,ヌマヅクラブキタトウ,,,国登録有形文化財,建造物,沼津倶楽部,静岡県沼津市千本郷林1907,,35.090439,138.849474,,,,,,,2015/3/26,,,,,,,,,,,,
222038,94,静岡県,沼津市,沼津倶楽部南棟,ヌマヅクラブミナミトウ,,,国登録有形文化財,建造物,沼津倶楽部,静岡県沼津市千本郷林1907,,35.090439,138.849474,,,,,,,2015/3/26,,,,,,,,,,,,
222038,95,静岡県,沼津市,沼津倶楽部長屋門,ヌマヅクラブナガヤモン,,,国登録有形文化財,建造物,沼津倶楽部,静岡県沼津市千本郷林1907,,35.090439,138.849474,,,,,,,2015/3/26,,,,,,,,,,,,
222038,96,静岡県,沼津市,松蔭寺開山堂,ショウインジカイザンドウ,,,国登録有形文化財,建造物,松蔭寺,静岡県沼津市原128,,35.123398,138.800125,,,,,,,2016/8/1,,,,,,,,,,,,
222038,97,静岡県,沼津市,松蔭寺山門,ショウインジサンモン,,,国登録有形文化財,建造物,松蔭寺,静岡県沼津市原128,,35.123398,138.800125,,,,,,,2016/8/1,,,,,,,,,,,,
222038,98,静岡県,沼津市,小栗家住宅主屋,オグリケジュウタクオモヤ,,,国登録有形文化財,建造物,沼津市上香貫字槇島町,,,,,,,,,,,2020/4/3,,,,,,,,,,,,
222038,99,静岡県,沼津市,帯笑園,タイショウエン,,,国登録記念物,その他,帯笑園,静岡県沼津市原194-1ほか,,35.124489,138.797852,,,,,,,2012/9/19,,,,,,,,,,,,
