"公園番号","公園名","住所","管内","No","開設","改修","種別","面積","構造","兼用個室","兼用和式","兼用手洗い","男子小便器","男子個室","男子洋式","男子和式","男子手洗い","女子個室","女子洋式","女子和式","女子手洗い","誰でも個室","誰でも手洗い","オストメイト","ベビーチェア","ベビーベッド","男子小便器(1)","幼児用小便器","経度","緯度","分類"
"2","関根文化公園","東京都杉並区上荻4- 2-10","北","A-1","S35.12.1","H8.1.24","公園","5.55","鉄骨鉄筋","1","1","1","1","","","","","","","","","","","","","","","","139.605295842929","35.7087268849686","公園・公衆トイレ"
"3","西永福公園","東京都杉並区永福3-40- 6","南","A-2","S32.4.1","S55.3.31","公園","3.3","鉄筋","1","1","1","1","","","","","","","","","","","","","","","","139.637044695412","35.6775742824103","公園・公衆トイレ"
"4","和田堀公園","東京都杉並区松ノ木1- 3-24","南","A-3","S27.4.1","S55.3.31","公園","3.3","鉄筋","1","1","1","1","","","","","","","","","","","","","","","","139.64237471196","35.6854253409234","公園・公衆トイレ"
"5","方南公園","東京都杉並区方南2-28-24","南","A-4","H28.1.15","","公園","7.12","鉄骨","","","","","","","","","","","","","1","1","1","1","","1","","139.658251952968","35.6861942302281","公園・公衆トイレ"
"6","和田公衆便所","東京都杉並区和田2- 1-11","南","E-9","S42.4.1","S63.3.31","公衆","25","鉄筋","","","","2","1","","1","1","2","","2","1","","","","","","","","139.661314885082","35.6873598074979","公園・公衆トイレ"
"7","妙正寺公衆便所","東京都杉並区清水3-21-21","北","E-15","H8.2.16","","公衆","27.28","鉄筋","","","","2","1","","1","1","2","","2","2","1","1","","","","","","139.618887239617","35.7169758692443","公園・公衆トイレ"
"7","妙正寺公園","東京都杉並区清水3-21-21","北","A-5","S44.3.31","S50.3.31","公園","3.32","鉄筋","1","1","1","1","","","","","","","","","","","","","","","","139.618414937904","35.7174706222922","公園・公衆トイレ"
"8","高円寺北公衆便所","東京都杉並区高円寺北3-20-15","北","E-14","S46.3.31","H4.3.31","公衆","23.68","鉄筋","","","","3","1","","1","1","2","","2","2","1","1","","","","","","139.648978934888","35.7073403799768","公園・公衆トイレ"
"9","大宮児童公園","東京都杉並区大宮2- 4-10","南","A-6","S40.3.30","S61.12.19","公園","5.46","鉄筋","1","1","","1","","","","","","","","","","","","","","","","139.639379507747","35.6817979924948","公園・公衆トイレ"
"10","高円寺中央公衆便所","東京都杉並区高円寺南4-31- 7","北","E-16","H7.2.7","","公衆","21.12","鉄筋","","","","2","1","","1","1","1","","1","1","1","1","","","","","","139.651737406228","35.7036920467804","公園・公衆トイレ"
"11","梅里公園","東京都杉並区梅里1- 1-55","南","A-7","","","公園","12.96","ﾌﾟﾚ","","","","2","1","","1","1","2","","2","1","1","1","","","","","","139.653998146364","35.6956552782968","公園・公衆トイレ"
"11","堀ノ内公衆便所","東京都杉並区梅里1- 1-55","南","E-7","S41.3.31","H11.1.19","公衆","30.52","鉄骨鉄筋","","","","2","1","","1","1","1","","1","1","2","2","","","","","","139.654064563022","35.6948639061744","公園・公衆トイレ"
"12","三谷公園","東京都杉並区上井草3-12-10","北","A-8","S43.3.31","S62.3.2","公園","7.29","鉄筋","1","1","1","1","","","","","","","","","","","","","","","","139.599854124434","35.7193903215128","公園・公衆トイレ"
"13","高円寺東公園","東京都杉並区高円寺南5-11- 7","北","A-9","H15.3.14","","公園","7.92","鉄筋","","","","1","1","","1","1","1","","1","1","","","","","","","","139.658487556662","35.7022095518738","公園・公衆トイレ"
"14","済美公園","東京都杉並区堀ノ内1-27-40","南","A-10","S44.3.31","S63.3.31","公園","12.96","ﾌﾞﾛｯｸ","","","","2","1","","1","1","1","","1","1","1","1","1","1","","","","139.649090362049","35.6880695340975","公園・公衆トイレ"
"15","玉川上水公園","東京都杉並区和泉2- 7- 9","南","A-11","H9.1.21","","公園","9.9","鉄骨","","","","2","1","","1","1","1","","1","1","","","","","","","","139.652142480824","35.6712505042699","公園・公衆トイレ"
"17","桃園川緑道","東京都杉並区高円寺南1-34-10","北","A-12","S55.3.31","H4.3.31","公園","13","鉄骨鉄筋","","","","2","1","","","1","","","","","1","1","","","","1","","139.648845733625","35.7028912173967","公園・公衆トイレ"
"18","大宮前公園","東京都杉並区宮前3-15-10","北","A-13","H8.1.17","","公園","13.2","鉄筋","","","","1","1","","1","1","1","","1","1","","","","","","","","139.606047802445","35.6968412615984","公園・公衆トイレ"
"19","桃井公衆便所","東京都杉並区桃井1-19- 6","北","E-11","H7.2.7","","公衆","21.65","鉄筋","","","","2","1","","1","1","2","","2","2","1","1","","1","1","","1","139.612151006141","35.7114514611786","公園・公衆トイレ"
"20","高円寺南公園","東京都杉並区高円寺南3-30-26","北","A-14","H9.1.27","","公園","11.16","鉄筋","1","1","1","1","","","","","","","","","","","","","","","","139.644967299992","35.7020084491039","公園・公衆トイレ"
"21","宮下公園","東京都杉並区宮前2-27-30","北","A-15","S44.3.31","S55.3.31","公園","5.24","鉄筋","1","1","1","1","","","","","","","","","","","","","","","","139.615296880037","35.6921369880324","公園・公衆トイレ"
"22","井荻公園","東京都杉並区西荻北4-38-17","北","A-16","S39.12.15","H4.3.31","公園","7.7","鉄筋","1","1","1","1","","","","","","","","","","","","","","","","139.597614688632","35.7084375224482","公園・公衆トイレ"
"23","矢頭公衆便所","東京都杉並区井草4- 3- 5","北","E-13","S45.3.31","H10.1.12","公衆","9.97","鉄筋","","","","1","1","","1","","1","","1","1","","","","","","","","139.610164782624","35.7252666440368","公園・公衆トイレ"
"24","東原公園","東京都杉並区下井草1-29- 1","北","A-17","S45.5.4","","公園","3.4","鉄筋","1","1","","1","","","","","","","","","","","","","","","","139.630283713487","35.7168945393602","公園・公衆トイレ"
"26","松ノ木公園","東京都杉並区松ノ木2-20- 5","南","A-19","S45.5.28","H4.3.31","公園","5.43","鉄筋","1","1","1","1","","","","","","","","","","","","","","","","139.641548040208","35.6910118396311","公園・公衆トイレ"
"27","阿佐谷中央公園","東京都杉並区阿佐谷北1-39-24","北","A-20","S45.7.20","","公園","3.4","鉄筋","1","1","","1","","","","","","","","","","","","","","","","139.638110288451","35.7095926513912","公園・公衆トイレ"
"28","阿佐谷南公園","東京都杉並区阿佐谷南3-16-18","北","A-21","S46.2.1","","公園","3.4","鉄筋","1","1","","1","","","","","","","","","","","","","","","","139.629769951512","35.7033444890997","公園・公衆トイレ"
"29","浜田山東公園","東京都杉並区浜田山3-11-17","南","A-22","S46.2.10","","公園","3.4","鉄筋","1","1","","1","","","","","","","","","","","","","","","","139.631905942664","35.6809413203124","公園・公衆トイレ"
"31","玉川上水第三公園","東京都杉並区下高井戸2- 1- 1","南","A-23","S46.7.1","","公園","3.4","鉄筋","1","1","","1","","","","","","","","","","","","","","","","139.639394431087","35.6680066124405","公園・公衆トイレ"
"32","和田北公園","東京都杉並区和田3-41-20","南","A-24","S47.1.10","","公園","4.96","鉄筋","1","1","","1","","","","","","","","","","","","","","","","139.658748163299","35.6962965789879","公園・公衆トイレ"
"33","堀ノ内東公園","東京都杉並区堀ノ内3-49-11","南","A-25","S47.3.31","","公園","4.96","鉄筋","1","1","","1","","","","","","","","","","","","","","","","139.653576834482","35.6921186116105","公園・公衆トイレ"
"34","永福南公園","東京都杉並区永福2- 6-23","南","A-26","S47.3.31","","公園","4.96","鉄筋","1","1","","1","","","","","","","","","","","","","","","","139.638972526112","35.6710150922817","公園・公衆トイレ"
"35","杉並児童交通公園","東京都杉並区成田西1-22-13","南","F-1","S47.3.31","","建物付属","0","鉄筋","","","","3","2","2","","2","2","2","","2","","","","2","2","","","139.631095237082","35.6888800671177","公園・公衆トイレ"
"36","べんてんばし公園","東京都杉並区和泉4-17-29","南","A-27","S47.3.31","","公園","4.96","鉄筋","1","1","","1","","","","","","","","","","","","","","","","139.652757915518","35.6809001742173","公園・公衆トイレ"
"37","久我山公園","東京都杉並区久我山3-37- 3","南","A-28","S47.3.31","","公園","4.96","鉄筋","1","1","","1","","","","","","","","","","","","","","","","139.597550794485","35.6888422423458","公園・公衆トイレ"
"38","永福北公園","東京都杉並区永福4-26- 4","南","A-29","S47.3.31","","公園","4.96","鉄筋","1","1","","1","","","","","","","","","","","","","","","","139.641993477902","35.6804562939865","公園・公衆トイレ"
"39","天沼東公園","東京都杉並区天沼1-32-11","北","A-30","H5.3.31","","公園","2.34","鉄筋","1","1","1","1","","","","","","","","","","","","","","","","139.6277071337","35.7079494273368","公園・公衆トイレ"
"40","道灌公園","東京都杉並区今川4-27- 7","北","A-31","S47.10.25","","公園","3.32","鉄筋","1","1","1","1","","","","","","","","","","","","","","","","139.601242420614","35.7176306659773","公園・公衆トイレ"
"41","高井戸東公園","東京都杉並区高井戸東4-19-10","南","A-32","S47.12.15","","公園","3.32","鉄筋","1","1","1","1","","","","","","","","","","","","","","","","139.621286908612","35.6888870772336","公園・公衆トイレ"
"42","浅間橋公園","東京都杉並区上高井戸2-16-10","南","A-33","S47.12.25","","公園","3.32","鉄筋","1","1","1","1","","","","","","","","","","","","","","","","139.606691871021","35.6789204427187","公園・公衆トイレ"
"43","富士見丘北公園","東京都杉並区久我山 5-24-23","南","A-34","S47.12.25","","公園","3.32","鉄筋","1","1","1","1","","","","","","","","","","","","","","","","139.60803040408","35.6877795043038","公園・公衆トイレ"
"44","下高井戸西公園","東京都杉並区下高井戸5- 9-24","南","A-35","S48.1.5","","公園","3.32","鉄筋","1","1","1","1","","","","","","","","","","","","","","","","139.622891078142","35.6738161303145","公園・公衆トイレ"
"45","浜田山公園","東京都杉並区浜田山2-17- 1","南","A-36","S48.2.1","S62.1.27","公園","11.7","鉄筋","1","1","1","1","","","","","","","","","","","","","","","","139.62667165117","35.6809869781417","公園・公衆トイレ"
"46","西宮公園","東京都杉並区宮前5-14- 7","北","A-37","S48.2.1","","公園","3.32","鉄筋","1","1","1","1","","","","","","","","","","","","","","","","139.600719583104","35.6937359954897","公園・公衆トイレ"
"47","方南中央公園","東京都杉並区方南1-51-20","南","A-38","S48.3.31","","公園","3.32","鉄筋","1","1","1","1","","","","","","","","","","","","","","","","139.660037754893","35.6792101921507","公園・公衆トイレ"
"48","井草北公園","東京都杉並区井草3-20-10","北","A-39","S49.3.1","","公園","3.32","鉄筋","1","1","","1","","","","","","","","","","","","","","","","139.616216214978","35.7281905258021","公園・公衆トイレ"
"49","本天沼南公園","東京都杉並区本天沼 2- 3-10","北","A-40","H27.2.27","","公園","6.76","鉄骨","","","","","","","","","","","","","1","1","1","1","","","","139.627713454612","35.712007787233","公園・公衆トイレ"
"50","つくだ公園","東京都杉並区高井戸東2-13-16","南","A-41","S48.11.30","","公園","3.32","鉄筋","1","1","1","1","","","","","","","","","","","","","","","","139.614916709779","35.680544926209","公園・公衆トイレ"
"51","井草公園","東京都杉並区井草2-21- 1","北","A-42","S49.3.1","","公園","3.32","鉄筋","1","1","1","1","","","","","","","","","","","","","","","","139.619106814407","35.7270998693158","公園・公衆トイレ"
"52","小鳩公園","東京都杉並区宮前3-29- 2","北","A-43","S49.3.31","","公園","3.32","鉄筋","1","1","1","1","","","","","","","","","","","","","","","","139.608314623758","35.6963780491215","公園・公衆トイレ"
"53","松庵公園","東京都杉並区松庵1-14-22","北","A-44","S49.3.20","","公園","3.32","鉄筋","1","1","1","1","","","","","","","","","","","","","","","","139.592117830366","35.6968170034174","公園・公衆トイレ"
"54","谷中公園","東京都杉並区堀ノ内2-38-11","南","A-45","S49.3.31","","公園","3.32","鉄筋","1","1","1","1","","","","","","","","","","","","","","","","139.648814185151","35.689260032923","公園・公衆トイレ"
"55","浜田山南公園","東京都杉並区浜田山1-17-10","南","A-46","S49.3.31","","公園","3.32","鉄筋","1","1","1","1","","","","","","","","","","","","","","","","139.632494569679","35.6770814510378","公園・公衆トイレ"
"56","阿佐谷東公園","東京都杉並区阿佐谷南1-42- 6","北","A-47","S49.3.31","","公園","3.32","鉄筋","1","1","1","1","","","","","","","","","","","","","","","","139.640174927015","35.7017520288036","公園・公衆トイレ"
"57","高井戸西公園","東京都杉並区高井戸西3- 6-18","南","A-48","S49.3.31","","公園","3.32","鉄筋","1","1","1","1","","","","","","","","","","","","","","","","139.613360750074","35.6895226518739","公園・公衆トイレ"
"59","三泉淵第二公園","東京都杉並区高井戸東1-15- 8","南","A-49","S54.3.31","","公園","3.3","鉄筋","1","1","1","1","","","","","","","","","","","","","","","","139.620287437214","35.6800716673436","公園・公衆トイレ"
"61","四宮公園","東京都杉並区上井草2-27-12","北","A-50","S49.3.30","","公園","3.32","鉄筋","1","1","1","1","","","","","","","","","","","","","","","","139.606891605514","35.7229079135069","公園・公衆トイレ"
"62","南荻窪公園","東京都杉並区南荻窪1-28-11","北","A-51","S50.1.15","","公園","3.32","鉄骨鉄筋","1","1","1","1","","","","","","","","","","","","","","","","139.613031000894","35.696424537948","公園・公衆トイレ"
"64","天沼西公園","東京都杉並区天沼3-17-27","北","A-52","S50.2.25","H3.3.31","公園","4.93","鉄筋","1","1","1","1","","","","","","","","","","","","","","","","139.61989074296","35.7090981358543","公園・公衆トイレ"
"65","東二公園","東京都杉並区成田東1-39- 1","南","A-53","S50.3.31","H2.3.31","公園","7.34","鉄筋","1","1","1","1","","","","","","","","","","","","","","","","139.640327516069","35.6929371900276","公園・公衆トイレ"
"66","西田公園","東京都杉並区荻窪2-15-11","南","A-54","S50.3.31","H4.3.31","公園","5.72","鉄筋","1","1","1","1","","","","","","","","","","","","","","","","139.620679722279","35.6954979578268","公園・公衆トイレ"
"67","住吉公園","東京都杉並区井草3-15- 5","北","A-55","S50.3.31","H4.3.31","公園","5.41","鉄筋","1","1","1","1","","","","","","","","","","","","","","","","139.614701897453","35.7269442309948","公園・公衆トイレ"
"68","だいしょうじ公園","東京都杉並区堀ノ内1- 9-26","南","A-56","S50.3.31","H1.3.31","公園","1.65","鉄筋","1","1","1","","","","","","","","","","","","","","","","","139.650728119639","35.6837667735941","公園・公衆トイレ"
"69","たかはら公園","東京都杉並区高円寺北1-10- 1","北","A-57","S50.3.31","","公園","3.32","鉄筋","1","1","1","1","","","","","","","","","","","","","","","","139.658049528686","35.7059558320304","公園・公衆トイレ"
"70","松ノ木北公園","東京都杉並区松ノ木3-17-16","南","A-58","S50.12.19","","公園","3.32","鉄筋","1","1","1","1","","","","","","","","","","","","","","","","139.645048414144","35.694184839891","公園・公衆トイレ"
"71","高南小公園","東京都杉並区高円寺南2-47- 7","北","A-59","S50.2.19","","公園","3.32","鉄筋","1","1","","1","","","","","","","","","","","","","","","","139.64845605767","35.7019942406622","公園・公衆トイレ"
"72","上井草向山公園","東京都杉並区上井草2-39-19","北","A-60","S51.3.31","","公園","3.32","鉄筋","1","1","1","1","","","","","","","","","","","","","","","","139.606216630093","35.7240185687006","公園・公衆トイレ"
"73","松渓公園","東京都杉並区荻窪1-39- 1","南","A-61","S51.3.31","H26.3.10","公園","4.98","鉄骨","","","","","","","","","","","","","1","1","","1","","1","","139.622036342823","35.6950219212561","公園・公衆トイレ"
"74","善福寺西の山公園","東京都杉並区善福寺4- 8- 2","北","A-62","S51.2.17","","公園","3.32","鉄筋","1","1","1","1","","","","","","","","","","","","","","","","139.585947822758","35.716246210174","公園・公衆トイレ"
"75","すぎのこ公園","東京都杉並区下井草1-25-39","北","A-63","S51.8.6","","公園","3.3","鉄筋","1","1","1","1","","","","","","","","","","","","","","","","139.63103059204","35.7163972897202","公園・公衆トイレ"
"76","阿佐谷西公園","東京都杉並区阿佐谷北2-32-21","北","A-64","S52.1.20","","公園","3.3","鉄筋","1","1","1","1","","","","","","","","","","","","","","","","139.63317177678","35.7071215231754","公園・公衆トイレ"
"77","昭栄公園","東京都杉並区高井戸西1-12- 2","南","A-65","S52.3.31","","公園","3.3","鉄筋","1","1","1","1","","","","","","","","","","","","","","","","139.607950130997","35.6801236540616","公園・公衆トイレ"
"81","堀ノ内南公園","東京都杉並区堀ノ内2-17-32","南","A-66","S52.3.31","","公園","3.3","鉄筋","1","1","1","1","","","","","","","","","","","","","","","","139.653465733057","35.6881029490753","公園・公衆トイレ"
"82","中通公園","東京都杉並区桃井1-33- 9","北","A-67","S52.3.31","","公園","3.3","鉄筋","1","1","1","1","","","","","","","","","","","","","","","","139.611335028135","35.7140669452902","公園・公衆トイレ"
"83","おしかわ公園","東京都杉並区荻窪5- 2-13","南","A-68","H6.3.31","","公園","1.65","鉄筋","1","1","1","","","","","","","","","","","","","","","","","139.617830592858","35.7008310559388","公園・公衆トイレ"
"84","松庵東公園","東京都杉並区松庵2-10- 9","北","A-69","S52.3.31","","公園","3.3","鉄筋","1","1","1","1","","","","","","","","","","","","","","","","139.59593600111","35.6969589053371","公園・公衆トイレ"
"86","上高井戸南公園","東京都杉並区上高井戸1-15- 3","南","A-70","S52.5.30","","公園","3.3","鉄筋","1","1","1","1","","","","","","","","","","","","","","","","139.612722992561","35.6708720423282","公園・公衆トイレ"
"88","浜田山かなめ公園","東京都杉並区浜田山3-35- 7","南","A-71","S53.2.20","","公園","3.3","鉄筋","1","1","1","1","","","","","","","","","","","","","","","","139.626279622682","35.6836262441876","公園・公衆トイレ"
"89","阿佐谷にしはら公園","東京都杉並区阿佐谷南1-21-28","北","A-72","S53.4.1","","公園","3.3","鉄筋","1","1","1","1","","","","","","","","","","","","","","","","139.641947425608","35.6997929403724","公園・公衆トイレ"
"92","大善公園","東京都杉並区宮前2-15- 3","北","A-73","S55.3.31","","公園","5.46","鉄筋","1","1","","1","","","","","","","","","","","","","","","","139.611015845028","35.6928901129563","公園・公衆トイレ"
"93","善福寺一丁目公園","東京都杉並区善福寺1-18- 7","北","A-74","S53.9.1","","公園","3.3","鉄筋","1","1","1","1","","","","","","","","","","","","","","","","139.597682771297","35.7129107939587","公園・公衆トイレ"
"94","高円寺北二公園","東京都杉並区高円寺北2-16-15","北","A-75","S54.2.1","","公園","3.3","鉄筋","1","1","2","1","","","","","","","","","","","","","","","","139.652880422676","35.7069115239082","公園・公衆トイレ"
"95","和泉がけ公園","東京都杉並区和泉4-18- 5","南","A-76","S56.8.1","","公園","5.46","鉄筋","1","1","","1","","","","","","","","","","","","","","","","139.652518585985","35.6799232735844","公園・公衆トイレ"
"97","成宗公園","東京都杉並区成田東5-15-12","南","A-77","S54.3.31","H29.3.31","公園","5.38","鉄骨","","","","","","","","","","","","","1","1","1","1","","1","","139.628294185119","35.7020911808844","公園・公衆トイレ"
"98","ひまわり公園","東京都杉並区永福1- 7- 6","南","A-78","S61.3.22","","公園","4.41","ﾌﾞﾛｯｸ","1","1","1","1","","","","","","","","","","","","","","","","139.642118779056","35.6693675964914","公園・公衆トイレ"
"101","玉川上水永泉寺緑地","東京都杉並区永福1- 4- 1","南","A-79","S54.9.15","","公園","3.3","鉄筋","1","1","1","1","","","","","","","","","","","","","","","","139.64317641516","35.6680557206528","公園・公衆トイレ"
"102","和田西公園","東京都杉並区和田3-15-18","南","A-80","S55.3.31","","公園","6","鉄筋","1","1","1","1","","","","","","","","","","","","","","","","139.655245072686","35.6923465283943","公園・公衆トイレ"
"103","なかよし公園","東京都杉並区宮前5-19- 2","北","A-81","S55.3.31","","公園","5.26","鉄筋","1","1","1","1","","","","","","","","","","","","","","","","139.601353116014","35.694339862754","公園・公衆トイレ"
"107","方南二丁目公園","東京都杉並区方南2- 6-11","南","A-82","S55.3.31","","公園","5.59","鉄筋","1","1","1","1","","","","","","","","","","","","","","","","139.65859330944","35.681016729708","公園・公衆トイレ"
"108","四宮森公園","東京都杉並区上井草2-41-25","北","A-83","S55.3.31","","公園","6","鉄筋","1","1","1","1","","","","","","","","","","","","","","","","139.608659674368","35.724369837215","公園・公衆トイレ"
"110","今川三丁目公園","東京都杉並区今川3- 3- 7","北","A-84","H9.1.21","","公園","6.15","鉄筋","1","1","2","1","","","","","","","","","","","","","","","","139.606069430895","35.7150495753599","公園・公衆トイレ"
"112","高井戸正用公園","東京都杉並区高井戸東3-14-23","南","A-85","S56.2.25","","公園","4.7","鉄筋","1","1","1","1","","","","","","","","","","","","","","","","139.624445612908","35.6844869634005","公園・公衆トイレ"
"113","和泉二丁目公園","東京都杉並区和泉2-45-10","南","A-86","S56.3.26","","公園","5.59","鉄筋","1","1","1","1","","","","","","","","","","","","","","","","139.649568364913","35.6770745912101","公園・公衆トイレ"
"114","柳窪公園","東京都杉並区高井戸東4-12-26","南","A-87","S56.3.5","","公園","6","鉄筋","1","1","1","1","","","","","","","","","","","","","","","","139.618862437947","35.6915784740987","公園・公衆トイレ"
"116","阿佐谷けやき公園","東京都杉並区阿佐谷北1- 1- 1","北","A-88","S57.3.20","","公園","6.71","鉄筋","1","1","1","1","","","","","","","","","","","","","","","","139.640969943667","35.7053339136575","公園・公衆トイレ"
"118","正保公園","東京都杉並区井草1-32- 2","北","A-89","S56.9.1","","公園","5.46","鉄筋","1","1","1","1","","","","","","","","","","","","","","","","139.623105736846","35.727076231462","公園・公衆トイレ"
"119","大田黒公園","東京都杉並区荻窪3-33-12","南","F-2","S56.8.4","","建物付属","0","木造","","","","1","1","1","","1","","","","","1","1","","1","1","","","139.624569227952","35.7007918453888","公園・公衆トイレ"
"122","与謝野公園","東京都杉並区南荻窪4- 3-22","北","A-90","S57.3.19","H24.4.25","公園","5.64","鉄骨","","","","","","","","","","","","","1","1","1","1","","1","","139.615720864889","35.6987741147634","公園・公衆トイレ"
"123","松庵三丁目公園","東京都杉並区松庵3- 5-21","北","A-91","H6.3.31","","公園","2.11","鉄筋","1","1","","","","","","","","","","","","","","","","","","139.597095687442","35.6991182445855","公園・公衆トイレ"
"124","高南幼児公園","東京都杉並区高円寺南4-37-15","北","A-92","H8.1.19","","公園","2.36","鉄筋","1","1","1","","","","","","","","","","","","","","","","","139.653577666707","35.7049034179027","公園・公衆トイレ"
"125","高井戸わんぱく公園","東京都杉並区高井戸西2- 5-10","南","A-93","S58.5.17","","公園","3.29","鉄筋","1","1","1","1","","","","","","","","","","","","","","","","139.61218310246","35.6842236185103","公園・公衆トイレ"
"126","柿木公園","東京都杉並区上井草1-26-18","北","A-94","H7.2.7","","公園","2.47","鉄筋","1","1","1","","","","","","","","","","","","","","","","","139.612361705576","35.7236699190307","公園・公衆トイレ"
"127","梅里中央公園","東京都杉並区梅里2-34-20","南","F-3","","","建物付属","0","","","","","2","1","","1","","2","","2","","","","","","","","","139.641468562252","35.6963698960806","公園・公衆トイレ"
"128","山中公園","東京都杉並区高井戸西1- 5-33","南","A-95","S58.3.14","H8.1.24","公園","2.49","鉄筋","1","1","1","","","","","","","","","","","","","","","","","139.614530703781","35.6815886022916","公園・公衆トイレ"
"129","今川一丁目公園","東京都杉並区今川1-19- 8","北","A-96","S58.3.14","","公園","7.28","鉄筋","1","1","1","1","","","","","","","","","","","","","","","","139.613708706239","35.7184570023089","公園・公衆トイレ"
"130","井草さくら公園","東京都杉並区井草1-17-16","北","A-97","S58.10.5","","公園","5.46","鉄筋","1","1","","1","","","","","","","","","","","","","","","","139.622943286594","35.7258110684276","公園・公衆トイレ"
"133","切通し公園","東京都杉並区上井草4- 3-10","北","A-98","S59.10.31","","公園","10.9","鉄筋","1","1","1","1","","","","","","","","","","","","","","","","139.597104661708","35.7175646716197","公園・公衆トイレ"
"134","清水一丁目公園","東京都杉並区清水1-28-11","北","A-99","S59.12.20","","公園","6.3","鉄筋","1","1","","1","","","","","","","","","","","","","","","","139.616487149749","35.7116027598283","公園・公衆トイレ"
"136","上瀬戸公園","東京都杉並区上井草3-16-23","北","A-100","S60.3.30","","公園","1.1","FRP","1","1","1","","","","","","","","","","","","","","","","","139.604426210127","35.7208397893737","公園・公衆トイレ"
"137","馬橋公園","東京都杉並区高円寺北4-35- 5","北","F-4","S59.11.5","","建物付属","0","鉄筋","","","","3","1","1","","2","3","1","2","2","1","1","","","","","","139.64305725313","35.7095822797282","公園・公衆トイレ"
"138","上高井戸宿公園","東京都杉並区上高井戸1-24- 5","南","A-101","S27.3.31","H3.3.31","公園","6.5","鉄筋","1","1","1","1","","","","","","","","","","","","","","","","139.61243068906","35.6722856270258","公園・公衆トイレ"
"140","高井戸みどり公園","東京都杉並区高井戸西1- 9- 4","南","A-102","S60.10.31","","公園","10.9","鉄筋","1","1","1","1","","","","","","","","","","","","","","","","139.6106579784","35.6792018776242","公園・公衆トイレ"
"141","青葉公園","東京都杉並区松庵2-20- 3","北","A-103","S60.12.19","","公園","1.65","鉄筋","1","1","1","1","","","","","","","","","","","","","","","","139.593390110909","35.6984515505002","公園・公衆トイレ"
"142","清水森公園","東京都杉並区清水2- 9-17","北","A-104","S61.2.26","","公園","7.68","鉄筋","1","1","1","2","","","","","","","","","","","","","","","","139.618075276327","35.7136986368399","公園・公衆トイレ"
"144","ひかり公園","東京都杉並区高井戸東2- 2- 8","南","A-105","S61.3.22","","公園","2.99","鉄筋","1","1","1","","","","","","","","","","","","","","","","","139.616473191306","35.6770995987587","公園・公衆トイレ"
"145","蚕糸の森公園（北）","東京都杉並区和田3-55-30","南","A-106","S61.6.24","","公園","45","鉄筋","","","","3","1","","1","1","3","","3","1","1","1","","","1","","","139.656043668059","35.6976767947457","公園・公衆トイレ"
"145","蚕糸の森公園（南）","東京都杉並区和田3-55-30","南","A-107","S61.8.5","","公園","37.88","鉄筋","","","","2","1","","1","1","2","","2","1","","","","","","","","139.656374541134","35.696732469998","公園・公衆トイレ"
"146","阿佐谷ことり公園","東京都杉並区阿佐谷南3- 4-16","北","A-108","S61.8.12","","公園","1.1","FRP","1","1","","","","","","","","","","","","","","","","","","139.634016549215","35.7014424609979","公園・公衆トイレ"
"148","阿佐谷かりん公園","東京都杉並区阿佐谷北4-20-13","北","A-109","S61.12.26","","公園","1.1","FRP","1","1","1","","","","","","","","","","","","","","","","","139.635346853567","35.7127962596276","公園・公衆トイレ"
"149","和田中央公園","東京都杉並区和田1-38-19","南","A-110","S62.2.14","","公園","6.8","鉄筋","1","1","1","1","","","","","","","","","","","","","","","","139.661642646576","35.6922800052093","公園・公衆トイレ"
"150","成田かっぱ公園","東京都杉並区成田西1- 2-30","南","A-111","S62.3.18","","公園","19.1","鉄筋","1","1","1","1","","","","","","","","","","","","","","","","139.637601538852","35.6845722917826","公園・公衆トイレ"
"151","一本松公園","東京都杉並区下井草1- 3-12","北","A-112","S62.3.31","","公園","1.65","鉄筋","1","1","1","1","","","","","","","","","","","","","","","","139.634629076968","35.7152921655815","公園・公衆トイレ"
"154","東二第三公園","東京都杉並区成田東3-27-24","南","A-113","S62.9.29","","公園","2.92","鉄筋","1","1","","","","","","","","","","","","","","","","","","139.638074869118","35.6939629370386","公園・公衆トイレ"
"157","高南みどり公園","東京都杉並区高円寺南4- 1- 8","北","A-114","S63.2.23","","公園","1.65","鉄筋","1","1","1","","","","","","","","","","","","","","","","","139.654526377788","35.7019027196264","公園・公衆トイレ"
"161","堀ノ内三丁目公園","東京都杉並区堀ノ内3-44-10","南","A-115","S63.3.31","","公園","1.65","鉄筋","1","1","1","","","","","","","","","","","","","","","","","139.651221483839","35.6936963869777","公園・公衆トイレ"
"162","塚山公園（西）","東京都杉並区下高井戸5-23-11","南","A-116","S63.3.31","","公園","35.59","鉄筋","","","","3","1","","1","1","2","","2","1","","","","","","","","139.624461442436","35.6755914685341","公園・公衆トイレ"
"162","塚山公園（東）","東京都杉並区下高井戸5-23-11","南","A-117","S63.3.31","","公園","35.59","鉄筋","","","","3","","1","1","1","2","2","","1","","","","","","","","139.626183886995","35.6753475141882","公園・公衆トイレ"
"162","塚山公園（管理棟）","東京都杉並区下高井戸5-23-11","南","G-1","S62.12.14","","建物便所","0","鉄骨鉄筋","","","","3","2","1","1","2","3","1","2","3","","","","","","","","139.624748881424","35.6749746299094","公園・公衆トイレ"
"164","兵庫橋公園","東京都杉並区久我山3- 5-37","南","A-118","S63.11.19","","公園","6.6","鉄筋","","","","","","","","","","","","","1","1","","1","1","1","","139.593982715759","35.6854288945297","公園・公衆トイレ"
"167","新高円寺公園","東京都杉並区高円寺南3-16- 5","北","A-119","H1.3.31","","公園","1.65","鉄筋","1","1","1","","","","","","","","","","","","","","","","","139.645460453638","35.6990267136269","公園・公衆トイレ"
"169","宮下橋公園","東京都杉並区久我山3-27-15","南","A-120","H1.3.31","","公園","5.56","鉄筋","1","1","1","1","","","","","","","","","","","","","","","","139.596860612683","35.6873783308364","公園・公衆トイレ"
"171","西荻南児童公園","東京都杉並区西荻南3- 4- 5","北","A-121","H1.8.4","","公園","1.65","鉄筋","1","1","1","","","","","","","","","","","","","","","","","139.601981648545","35.7013701743543","公園・公衆トイレ"
"172","浜田山一丁目公園","東京都杉並区浜田山1-25-24","南","A-122","H2.2.1","","公園","1.65","鉄筋","1","1","1","","","","","","","","","","","","","","","","","139.630412472052","35.6794584813582","公園・公衆トイレ"
"173","はら公園","東京都杉並区成田西1-16- 4","南","A-123","H2.2.14","","公園","5.04","ﾌﾞﾛｯｸ","1","1","","1","","","","","","","","","","","","","","","","139.632669121983","35.6857626679735","公園・公衆トイレ"
"174","久我山中央緑地","東京都杉並区久我山3-25-21","南","A-124","H2.3.8","","公園","5.43","FRP","1","1","1","1","","","","","","","","","","","","","","","","139.598611955069","35.6877971749759","公園・公衆トイレ"
"175","さざんか公園","東京都杉並区久我山4-30-19","南","A-125","H2.3.31","","公園","1.65","鉄筋","1","1","1","","","","","","","","","","","","","","","","","139.591104527543","35.694065578205","公園・公衆トイレ"
"176","今川二丁目公園","東京都杉並区今川2-12- 7","北","A-126","H2.3.31","","公園","1.65","鉄筋","1","1","1","","","","","","","","","","","","","","","","","139.610229712952","35.7162976542841","公園・公衆トイレ"
"180","西荻北中央公園","東京都杉並区西荻北3-25- 3","北","A-127","H3.3.31","","公園","2.52","鉄筋","1","1","1","1","","","","","","","","","","","","","","","","139.597037260586","35.7055807182145","公園・公衆トイレ"
"181","道灌橋公園","東京都杉並区上井草3-14-23","北","A-128","H3.3.31","","公園","6","鉄筋","1","1","1","1","","","","","","","","","","","","","","","","139.601877022091","35.7204865810338","公園・公衆トイレ"
"182","高円寺いこい公園","東京都杉並区高円寺南5-13-23","北","A-129","H3.3.31","","公園","1.65","鉄筋","1","1","1","","","","","","","","","","","","","","","","","139.660070976798","35.7026149922187","公園・公衆トイレ"
"185","永福中央公園","東京都杉並区永福2- 1-12","南","A-130","H4.3.31","","公園","11.32","鉄筋","1","1","1","1","","","","","","","","","","","","","","","","139.641283507332","35.6711546313647","公園・公衆トイレ"
"187","神戸町あけぼの公園","東京都杉並区下井草5- 8-24","北","A-131","H4.3.31","","公園","5.55","鉄骨","1","1","1","1","","","","","","","","","","","","","","","","139.616319592008","35.7204662767468","公園・公衆トイレ"
"189","こりす公園","東京都杉並区高円寺南1- 4-16","北","A-132","H4.3.31","","公園","3.56","鉄筋","1","1","1","","","","","","","","","","","","","","","","","139.660336026187","35.6992210586586","公園・公衆トイレ"
"190","西荻北公園","東京都杉並区西荻北4- 5-14","北","A-133","H4.3.31","","公園","5.43","鉄筋","1","1","1","1","","","","","","","","","","","","","","","","139.594413459434","35.7071650975174","公園・公衆トイレ"
"191","柳窪南公園","東京都杉並区高井戸東4-15- 1","南","A-134","H4.3.31","","公園","2.13","鉄筋","1","1","","","","","","","","","","","","","","","","","","139.619587101513","35.6891256716814","公園・公衆トイレ"
"192","三谷南公園","東京都杉並区今川3- 6-14","北","A-135","H4.3.31","","公園","2.52","鉄筋","1","1","1","1","","","","","","","","","","","","","","","","139.603667460802","35.7153606436094","公園・公衆トイレ"
"193","宮前公園","東京都杉並区宮前2-12-18","北","A-136","H5.5.31","","公園","7.45","鉄筋","1","1","2","1","","","","","","","","","","","","","","","","139.610892146984","35.6942752820023","公園・公衆トイレ"
"194","成田西公園","東京都杉並区成田西2-12- 4","南","A-137","H5.5.31","","公園","3.6","鉄筋","1","1","1","1","","","","","","","","","","","","","","","","139.62441234209","35.6895699199444","公園・公衆トイレ"
"195","桐の木公園","東京都杉並区高井戸西2- 7-36","南","A-138","H5.5.31","","公園","1.65","鉄骨","1","1","1","","","","","","","","","","","","","","","","","139.611175079636","35.6845562212756","公園・公衆トイレ"
"196","本天沼東公園","東京都杉並区本天沼1- 9- 8","北","A-139","H5.3.31","","公園","2.34","鉄筋","1","1","","","","","","","","","","","","","","","","","","139.6303384781","35.7131127875277","公園・公衆トイレ"
"197","西荻わかば公園","東京都杉並区西荻北2- 9-17","北","A-140","H5.3.31","","公園","4.9","鉄筋","1","1","1","1","","","","","","","","","","","","","","","","139.603959928991","35.7051700999552","公園・公衆トイレ"
"198","小七山公園","東京都杉並区阿佐谷北6-30-14","北","A-141","H5.3.31","","公園","2.35","鉄筋","1","1","1","","","","","","","","","","","","","","","","","139.636443663396","35.7162200615879","公園・公衆トイレ"
"199","成三公園","東京都杉並区成田東2-19- 8","南","A-142","H5.3.31","","公園","7.35","鉄筋","1","1","1","1","","","","","","","","","","","","","","","","139.635270959004","35.6897928703283","公園・公衆トイレ"
"200","天沼地蔵前公園","東京都杉並区天沼1- 1- 1","北","A-143","H6.3.31","","公園","9.69","鉄筋","1","1","1","1","","","","","","","","","","","","","","","","139.627233486006","35.7048839205839","公園・公衆トイレ"
"201","久我山東原公園","東京都杉並区久我山5-12-27","南","A-144","H6.3.31","","公園","8.06","鉄筋","1","1","2","1","","","","","","","","","","","","","","","","139.605377188183","35.6875612321855","公園・公衆トイレ"
"202","柿木北公園","東京都杉並区上井草1-33- 3","北","A-145","H6.3.31","","公園","7.29","鉄筋","1","1","1","1","","","","","","","","","","","","","","","","139.611928548619","35.7246191296174","公園・公衆トイレ"
"203","ひとみ公園","東京都杉並区高円寺南5-35- 3","北","A-146","H6.3.31","","公園","2.14","鉄筋","1","1","1","","","","","","","","","","","","","","","","","139.657327156241","35.7046731837195","公園・公衆トイレ"
"204","わかたけ公園","東京都杉並区本天沼3-39- 7","北","A-147","H6.3.31","","公園","11.96","鉄筋","1","1","1","1","","","","","","","","","","","","","","","","139.622723892704","35.7170220710894","公園・公衆トイレ"
"207","こぶし公園","東京都杉並区宮前4-13- 6","北","A-148","H6.10.19","","公園","2.13","鉄筋","1","1","","","","","","","","","","","","","","","","","","139.60312129246","35.6921664092489","公園・公衆トイレ"
"209","くつかけ公園","東京都杉並区清水3- 7-18","北","A-149","H7.2.3","","公園","4.49","鉄筋","1","1","1","1","","","","","","","","","","","","","","","","139.616011626204","35.7160257317518","公園・公衆トイレ"
"210","和泉西公園","東京都杉並区和泉3-47-17","南","A-150","H7.2.3","","公園","2.14","鉄筋","1","1","1","","","","","","","","","","","","","","","","","139.647645503491","35.6798989387635","公園・公衆トイレ"
"212","たんぽぽ公園","東京都杉並区南荻窪3-28- 7","北","A-151","H8.1.17","","公園","2.1","鉄筋","1","1","1","","","","","","","","","","","","","","","","","139.610894597628","35.7033147331037","公園・公衆トイレ"
"213","井草森公園（管理棟）","東京都杉並区井草4-12- 1","北","G-2","H7.10.15","","建物便所","0","鉄筋","","","","2","2","1","1","2","2","1","1","2","1","1","","","1","","","139.612396722613","35.7266407956138","公園・公衆トイレ"
"213","井草森公園A","東京都杉並区井草4-12- 1","北","A-152","H8.1.25","","公園","34.56","鉄筋","","","","3","1","","1","2","3","","3","2","","","","","","","","139.612870365901","35.7275296035634","公園・公衆トイレ"
"213","井草森公園B","東京都杉並区井草4-12- 1","北","A-153","H8.1.25","","公園","41.72","鉄筋","","","","3","1","1","","2","2","1","1","2","","","","","","","","139.611735173629","35.7272329263964","公園・公衆トイレ"
"214","富士見丘西公園","東京都杉並区久我山5-19- 1","南","A-154","H8.9.20","","公園","5.23","鉄筋","1","1","1","","","","","","","","","","","","","","","","","139.6068341549","35.6855662792383","公園・公衆トイレ"
"216","向井公園","東京都杉並区下井草3-13- 7","北","A-155","H9.1.21","","公園","2.99","鉄骨","1","1","","","","","","","","","","","","","","","","","","139.624457290293","35.7191489348754","公園・公衆トイレ"
"220","宮元公園","東京都杉並区大宮2-13-13","南","A-156","H10.8.1","","公園","2","鉄筋","1","1","","","","","","","","","","","","","","","","","","139.63665181361","35.6810020183697","公園・公衆トイレ"
"221","向井東公園","東京都杉並区下井草2-17- 2","北","A-157","H10.8.1","","公園","2","鉄筋","1","1","","","","","","","","","","","","","","","","","","139.628811204268","35.7195770766164","公園・公衆トイレ"
"222","井草東公園","東京都杉並区井草1-10-18","北","A-158","H10.8.1","","公園","2","鉄筋","1","1","","","","","","","","","","","","","","","","","","139.626849742385","35.7243796862629","公園・公衆トイレ"
"228","松庵わかくさ公園","東京都杉並区松庵3-24- 8","北","A-159","","","公園","1.76","鉄筋","1","1","","","","","","","","","","","","","","","","","","139.596198576629","35.7032599585568","公園・公衆トイレ"
"230","すずかけ公園","東京都杉並区浜田山4- 3- 6","南","A-160","","","公園","0","鉄筋","1","1","","","","","","","","","","","","","","","","","","139.633442032267","35.6828967887189","公園・公衆トイレ"
"239","柏の宮公園（南）","東京都杉並区浜田山2-5-1","南","A-162","H16.9.30","","公園","31.9","GRC","","","","","1","","1","1","1","1","","1","","","","","1","","","139.625347905029","35.6778954733124","公園・公衆トイレ"
"239","柏の宮公園（管理棟）","東京都杉並区浜田山2-5-1","南","G-3","H13.3.27","","建物便所","0","鉄筋","","","","6","3","3","","4","5","4","1","4","","","","","","","","139.626342422377","35.6775673399349","公園・公衆トイレ"
"239","柏の宮公園（北）","東京都杉並区浜田山2-5-1","南","A-161","H16.9.30","","公園","8.31","GRC","","","","3","1","","1","2","3","1","2","2","1","1","","","1","","","139.625633374191","35.6789242269519","公園・公衆トイレ"
"243","銀杏稲荷公園","東京都杉並区下井草2-15-13","北","A-163","S52.3.31","S63.3.23","公園","5.56","GRC","1","1","","1","","","","","","","","","1","1","","","","","","139.626474207195","35.7192781669792","公園・公衆トイレ"
"245","天沼弁天池公園","東京都杉並区天沼3-23-1","北","A-164","","","公園","0","","","","","1","1","","1","1","1","1","","1","","","","","","","","139.621566033647","35.7087330060712","公園・公衆トイレ"
"245","天沼弁天池公園（管理棟）","東京都杉並区天沼3-23-1","北","G-4","","","建物便所","0","","","","","","","","","","","","","","","","","","","","","139.621567256988","35.7087007574663","公園・公衆トイレ"
"246","定塚橋公園","東京都杉並区堀ノ内2-1-28","南","A-165","","","公園","0","鉄筋","","","","","","","","","","","","","1","1","","1","1","","","139.653916093494","35.6853631945374","公園・公衆トイレ"
"247","新町鳥居先公園","東京都杉並区今川4-11- 7","北","A-166","H28.3.30","","公園","5.17","鉄骨","","","","","","","","","","","","","1","1","1","1","","1","","139.599427631543","35.7157815227564","公園・公衆トイレ"
"251","角川庭園（西）","東京都杉並区荻窪3-14-22","南","G-6","","","建物便所","0","","","","","","1","1","","1","1","1","","1","","","","","","","","139.624379476192","35.698847175158","公園・公衆トイレ"
"251","角川庭園（東）","東京都杉並区荻窪3-14-22","南","G-5","","","建物便所","0","","","","","","1","1","","1","1","1","","1","1","1","1","1","","","","139.624592823759","35.698833736524","公園・公衆トイレ"
"252","松渓橋公園","東京都杉並区荻窪2-40-1","南","A-167","H21.8.28","","公園","4.74","鉄骨","","","","","","","","","","","","","1","1","1","","1","1","","139.622922760239","35.6971098355348","公園・公衆トイレ"
"254","三井の森公園（西）","東京都杉並区高井戸東1-28-2","南","A-168","H22.4.1","","公園","22.94","鉄筋","","","","1","1","","1","1","1","","1","1","1","1","1","1","1","","","139.623098735704","35.6798561565395","公園・公衆トイレ"
"254","三井の森公園（東）","東京都杉並区高井戸東1-28-2","南","A-169","H22.4.1","","公園","17.36","鉄筋","","","","1","1","","1","1","1","","1","1","1","1","","","","","","139.62415821326","35.6784004934112","公園・公衆トイレ"
"256","Aさんの庭","東京都杉並区阿佐谷北5-45-13","北","A-170","H22.6.11","","公園","26.65","鉄筋","","","","","","","","","","","","","1","1","1","1","","1","","139.6405938457","35.7112938995617","公園・公衆トイレ"
"257","やなぎ橋公園","東京都杉並区高井戸西1-31-5","南","A-171","H22.8.27","","公園","6.04","鉄骨","","","","","","","","","","","","","1","1","","1","","1","","139.61366386624","35.6825408848521","公園・公衆トイレ"
"259","桃井原っぱ公園（東）","東京都杉並区桃井3-8-1","北","A-172","H23.4.1","","公園","31.2","鉄筋","","","","3","1","1","","2","2","1","1","2","1","2","1","1","1","","","139.608067037434","35.7134604729735","公園・公衆トイレ"
"259","桃井原っぱ公園（管理棟）","東京都杉並区桃井3-8-1","北","F-5","H23.4.1","","建物付属","0","鉄筋","","","","2","1","1","","2","2","1","1","2","1","2","1","1","1","","","139.607199473161","35.7144258172717","公園・公衆トイレ"
"260","高円寺北一みどり公園","東京都杉並区高円寺北1-28-2","北","A-173","H23.10.4","","公園","5.7","鉄筋","","","","","","","","","","","","","1","1","1","1","","1","","139.657936756723","35.7083440922381","公園・公衆トイレ"
"261","和田さくらの坂公園","東京都杉並区和田1-54-28","南","A-174","H24.3.28","","公園","5.7","鉄筋","","","","","","","","","","","","","1","1","1","1","","1","","139.664892619483","35.694215533019","公園・公衆トイレ"
"269","大谷戸けやき緑地","東京都杉並区荻窪3-7-51","南","A-175","H25.3.16","","公園","11.07","鉄筋","","","","","","","","","","","","","1","1","","1","","1","","139.626558521063","35.6968234091455","公園・公衆トイレ"
"274","成田西ふれあい農業公園","東京都杉並区成田西3-18-9","南","F-6","","","建物付属","0","","","","","1","1","1","","1","2","2","","1","1","1","1","","1","","","139.623640688333","35.6914587303213","公園・公衆トイレ"
"276","下高井戸おおぞら公園（北）","東京都杉並区下高井戸2-28-23","南","A-176","H11.1.19","","公園","9.83","鉄筋","","","","1","1","","1","","1","","1","","","","","","","","","139.635834519189","35.670409446389","公園・公衆トイレ"
"276","下高井戸おおぞら公園（管理棟１F）","東京都杉並区下高井戸2-28-23","南","F-7","H29.3.9","","建物付属","0","鉄骨","","","","2","1","1","","1","2","2","","2","1","1","1","1","1","","","139.63690636366","35.6708663350488","公園・公衆トイレ"
"276","下高井戸おおぞら公園（管理棟２F）","東京都杉並区下高井戸2-28-23","南","G-7","H29.3.9","","建物便所","0","鉄骨","","","","2","1","1","","1","2","2","","2","1","1","1","1","1","","","139.637065159016","35.6708647549136","公園・公衆トイレ"
"302","阿佐谷児童遊園","東京都杉並区阿佐谷南1-18- 9","北","B-1","S25.3.31","S49.3.31","公園","3.32","鉄筋","1","1","1","1","","","","","","","","","","","","","","","","139.637762605048","35.7004372016053","公園・公衆トイレ"
"303","松山児童遊園","東京都杉並区阿佐谷北3-35- 2","北","B-2","S26.1.30","S49.3.31","公園","3.32","鉄筋","1","1","1","1","","","","","","","","","","","","","","","","139.632467447707","35.711282717177","公園・公衆トイレ"
"304","中瀬児童遊園","東京都杉並区下井草4- 7-15","北","B-3","S39.12.15","S53.3.31","公園","3.13","鉄筋","1","1","1","1","","","","","","","","","","","","","","","","139.618962189559","35.7202488462676","公園・公衆トイレ"
"305","久我山児童遊園","東京都杉並区久我山4-36- 1","南","B-4","S27.3.31","S61.3.25","公園","5.46","鉄筋","1","1","1","1","","","","","","","","","","","","","","","","139.592857318312","35.6925269504859","公園・公衆トイレ"
"306","天沼児童遊園","東京都杉並区本天沼 2-38-32","北","B-5","S27.3.31","S49.3.31","公園","3.32","鉄骨鉄筋","1","1","1","1","","","","","","","","","","","","","","","","139.626988260181","35.7145391125239","公園・公衆トイレ"
"307","観泉寺児童遊園","東京都杉並区今川 2- 6-12","北","B-6","S28.3.31","S51.3.31","公園","3.32","鉄筋","1","1","1","1","","","","","","","","","","","","","","","","139.607441246977","35.7163564023052","公園・公衆トイレ"
"308","堀ノ内山谷児童遊園","東京都杉並区堀ノ内3-20-23","南","B-7","S28.3.31","H1.3.31","公園","1.65","鉄筋","1","1","1","","","","","","","","","","","","","","","","","139.648261957087","35.6915948330169","公園・公衆トイレ"
"310","上荻窪児童遊園","東京都杉並区上荻2-21- 6","北","B-8","S29.3.31","S47.3.31","公園","4.96","鉄筋","1","1","1","1","","","","","","","","","","","","","","","","139.613264119156","35.7061819104556","公園・公衆トイレ"
"311","上ノ台児童遊園","東京都杉並区下井草2-31- 1","北","B-9","S29.11.12","S49.3.31","公園","3.32","鉄筋","1","1","","1","","","","","","","","","","","","","","","","139.626298415031","35.7209686564195","公園・公衆トイレ"
"316","白幡児童遊園","東京都杉並区成田東3-17-29","南","B-10","S39.12.15","H5.3.31","公園","5.72","鉄筋","1","1","1","1","","","","","","","","","","","","","","","","139.634671963844","35.6925735326623","公園・公衆トイレ"
"319","なりむね児童遊園","東京都杉並区成田東5- 5- 5","南","B-11","S39.12.15","H2.3.31","公園","2.52","ﾌﾞﾛｯｸ","1","1","1","1","","","","","","","","","","","","","","","","139.629186371533","35.6982930067569","公園・公衆トイレ"
"321","神戸町児童遊園","東京都杉並区下井草5-19- 8","北","B-12","S37.3.23","H5.3.31","公園","7.29","鉄筋","1","1","1","1","","","","","","","","","","","","","","","","139.615394811685","35.72384666459","公園・公衆トイレ"
"324","済美児童遊園","東京都杉並区堀ノ内2- 6- 7","南","B-13","H6.3.31","","公園","3.92","鉄筋","1","1","1","1","","","","","","","","","","","","","","","","139.652002200624","35.6858507286287","公園・公衆トイレ"
"325","上荻窪第三児童遊園","東京都杉並区上荻2-36- 6","北","B-14","H6.3.31","","公園","1.65","鉄筋","1","1","1","","","","","","","","","","","","","","","","","139.611301416367","35.7088764884704","公園・公衆トイレ"
"327","大宮前児童遊園","東京都杉並区西荻南1- 6-19","北","B-15","S39.8.25","H4.3.31","公園","4","鉄筋","1","1","1","","","","","","","","","","","","","","","","","139.601094937233","35.6972997889713","公園・公衆トイレ"
"328","梅里児童遊園","東京都杉並区梅里1-14-2","南","B-16","S40.8.31","S57.3.1","公園","3.75","鉄筋","1","1","1","","","","","","","","","","","","","","","","","139.651518479104","35.6962102745163","公園・公衆トイレ"
"329","阿佐谷北児童遊園","東京都杉並区阿佐谷北1-11- 3","北","B-17","S41.2.17","H5.3.31","公園","5.76","鉄筋","1","1","1","1","","","","","","","","","","","","","","","","139.641023221992","35.7059153960494","公園・公衆トイレ"
"330","西田第二児童遊園","東京都杉並区荻窪1-57-33","南","B-18","S41.3.31","H11.1.18","公園","2.14","鉄筋","1","1","1","","","","","","","","","","","","","","","","","139.626635297777","35.6950823933475","公園・公衆トイレ"
"331","富士見丘公衆便所","東京都杉並区久我山2-22-63","南","E-6","S40.3.31","H3.3.31","公衆","26.05","鉄筋","","","","3","1","","1","2","2","","2","2","","","","","","","1","139.606938567528","35.6834857264634","公園・公衆トイレ"
"332","下高井戸児童遊園","東京都杉並区下高井戸3-25- 5","南","B-19","S41.9.23","S55.3.31","公園","3.3","鉄筋","1","1","1","1","","","","","","","","","","","","","","","","139.63590904556","35.6719809610388","公園・公衆トイレ"
"333","西高井戸公衆便所","東京都杉並区松庵3-28- 1","北","E-8","S41.12.23","H4.12.1","公衆","12.64","鉄筋","","","","2","1","","1","1","1","","1","1","","","","","","","1","139.596910196911","35.7010402372441","公園・公衆トイレ"
"335","荻窪第一児童遊園","東京都杉並区南荻窪2-25-16","北","B-20","H8.1.17","","公園","2.01","鉄筋","1","1","1","","","","","","","","","","","","","","","","","139.612418173783","35.6988206285629","公園・公衆トイレ"
"336","東田児童遊園","東京都杉並区成田東4-15-18","南","B-21","S42.3.31","H3.3.31","公園","5.8","鉄筋","1","1","1","1","","","","","","","","","","","","","","","","139.635679197144","35.6957834902144","公園・公衆トイレ"
"337","なりむね第二児童遊園","東京都杉並区成田西1-22-16","南","B-22","S42.8.27","S55.8.23","公園","1.6","FRP","1","1","","","","","","","","","","","","","","","","","","139.631215166246","35.6891768716983","公園・公衆トイレ"
"338","上高井戸第二児童遊園","東京都杉並区上高井戸3-11-17","南","B-23","S42.12.1","H1.3.31","公園","1.65","鉄筋","1","1","1","","","","","","","","","","","","","","","","","139.614977907636","35.6766219456689","公園・公衆トイレ"
"341","和泉児童遊園","東京都杉並区和泉4-16-23","南","B-24","S43.11.21","S56.3.31","公園","3.3","鉄筋","1","1","","","","","","","","","","","","","","","","","","139.650244997944","35.6792770859701","公園・公衆トイレ"
"342","永泉寺坂公衆便所","東京都杉並区下高井戸2-21-29","南","E-12","S44.9.20","","公衆","18","鉄筋","","","","3","1","","1","","2","","2","1","","","","","","","","139.641220105312","35.6691371031144","公園・公衆トイレ"
"344","今川児童遊園","東京都杉並区今川4- 6- 1","北","B-25","S45.4.1","","公園","3.4","鉄筋","1","1","","","","","","","","","","","","","","","","","","139.599528978087","35.7145503692652","公園・公衆トイレ"
"345","久我山東児童遊園","東京都杉並区久我山5-30-25","南","B-26","S46.2.10","","公園","3.4","鉄筋","1","1","","1","","","","","","","","","","","","","","","","139.604932133245","35.6888771475764","公園・公衆トイレ"
"346","阿佐谷北第二児童遊園","東京都杉並区阿佐谷北6- 7- 8","北","B-27","S46.4.20","","公園","3.4","鉄筋","1","1","","1","","","","","","","","","","","","","","","","139.639678959896","35.714015528982","公園・公衆トイレ"
"347","高円寺北一児童遊園","東京都杉並区高円寺北1-15-22","北","B-28","S46.12.10","","公園","4.96","鉄筋","1","1","","1","","","","","","","","","","","","","","","","139.656125716625","35.7082747589725","公園・公衆トイレ"
"348","熊野橋児童遊園","東京都杉並区堀ノ内2-19- 6","南","B-29","S47.2.10","","公園","4.96","鉄筋","1","1","","1","","","","","","","","","","","","","","","","139.650598643117","35.6869094008427","公園・公衆トイレ"
"349","乙女橋児童遊園","東京都杉並区高井戸東1- 1-38","南","B-30","S47.3.31","","公園","4.96","鉄筋","1","1","","1","","","","","","","","","","","","","","","","139.621298633319","35.6779259384744","公園・公衆トイレ"
"350","西荻窪平和児童遊園","東京都杉並区西荻南3-18- 9","北","B-31","S47.3.31","","公園","4.96","鉄筋","1","1","","1","","","","","","","","","","","","","","","","139.602078679065","35.7033512875422","公園・公衆トイレ"
"354","どんぐり山児童遊園","東京都杉並区上井草3- 4-17","北","B-32","S52.6.1","","公園","5.72","鉄筋","1","1","1","1","","","","","","","","","","","","","","","","139.603939649138","35.7197336676542","公園・公衆トイレ"
"355","東二児童遊園","東京都杉並区成田東3- 7-17","南","B-33","H6.3.31","","公園","6.25","鉄筋","1","1","1","1","","","","","","","","","","","","","","","","139.637558344992","35.6925071153497","公園・公衆トイレ"
"360","高井戸東三丁目児童遊園","東京都杉並区高井戸東3- 7- 8","南","B-34","S57.12.1","","公園","5.46","鉄筋","1","1","","1","","","","","","","","","","","","","","","","139.619133012054","35.6833844915822","公園・公衆トイレ"
"361","天沼一丁目児童遊園","東京都杉並区天沼1- 2-11","北","B-35","S58.12.15","","公園","1.33","GRC","1","1","","","","","","","","","","","","","","","","","","139.629284385507","35.7055131131764","公園・公衆トイレ"
"1035","遊び場35番","東京都杉並区下井草2-34- 9","北","C-1","","","遊び場","0","","1","1","1","","","","","","","","","","","","","","","","","139.626199962703","35.7221256004115","公園・公衆トイレ"
"1087","遊び場87番","東京都杉並区大宮1-22-39","北","C-2","","","遊び場","0","","1","1","","","","","","","","","","","","","","","","","","139.646853188597","35.6888713555666","公園・公衆トイレ"
"1090","遊び場90番","東京都杉並区和泉2-17-47","南","C-3","S57.3.18","","遊び場","0","FRP","1","1","","","","","","","","","","","","","","","","","","139.648702249813","35.6737505617211","公園・公衆トイレ"
"1096","遊び場96番","東京都杉並区和泉1- 6-11","南","C-4","S59.4.1","","遊び場","0","GRC","1","1","1","1","","","","","","","","","","","","","","","","139.656151531009","35.6722869520891","公園・公衆トイレ"
"1108","遊び場108番","東京都杉並区荻窪2-43-36","南","C-5","H27.3.14","","遊び場","0","鉄骨","","","","","","","","","","","","","1","1","1","1","","1","","139.62201270876","35.6985136388243","公園・公衆トイレ"
"2001","八葉名いこいの森","東京都杉並区上井草4-6-10","北","D-1","S28.12.26","","いこいの森","5.53","鉄骨鉄筋","","","","","","","","","","","","","1","1","1","1","","1","","139.594228929249","35.7185350378308","公園・公衆トイレ"
"0","東高円寺公衆便所","東京都杉並区高円寺南1-13-8","北","E-10","H6.3.31","","公衆","32.62","鉄筋","","","","3","1","","1","2","2","","2","2","1","2","","","","","1","139.654981228261","35.6996534528176","公園・公衆トイレ"
"0","阿佐谷駅南口公衆便所","東京都杉並区阿佐谷南3-36-1","北","E-2","S25.10.1","S51.3.31","公衆","11.74","鉄筋","","","","2","1","1","","2","2","1","1","2","1","2","","1","1","","","139.636239136765","35.7042858296981","公園・公衆トイレ"
"0","妙法寺境内公衆便所","東京都杉並区堀ノ内3-48-12","南","E-1","S25.10.1","S62.3.31","公衆","24.03","鉄筋","","","","2","1","","1","1","2","","2","1","","","","","","","","139.65169512172","35.6918129229258","公園・公衆トイレ"
"0","高井戸西公衆便所","東京都杉並区高井戸西1-7-3","南","E-17","S49.5.18","","公衆","16.4","鉄骨鉄筋","","","","3","1","","1","1","2","","2","1","","","","","","","","139.611819553944","35.6787473636085","公園・公衆トイレ"
"0","高円寺北口公衆便所","東京都杉並区高円寺北2-5-1","北","E-4","S36.3.31","","公衆","20.86","鉄筋","","","","1","1","","1","1","2","","2","1","","","","","","","","139.649836781568","35.7055280569365","公園・公衆トイレ"
"0","西永福公衆便所","東京都杉並区永福3-36-1","南","E-5","S38.4.11","H20.8.22","公衆","24.01","鉄筋","","","","2","1","","1","1","1","","1","2","1","1","1","1","1","","","139.635746735966","35.6785653321783","公園・公衆トイレ"
